# Decompiled with VMF2OBJ v2.0.3 by Dylancyclone

mtllib twintower.mtl


o 4

v -4715.0 2745.0 4992.0
v -4793.0 2667.0 -10688.0
v -2375.0 327.0 -10688.0
v -2453.0 327.0 4992.0
v -2375.0 405.006 -10688.0
v -4715.01 327.0 -10688.0
v -4793.0 404.998 4992.0
v -2375.0 2666.9900000000002 4992.0
v -2375.0 2745.0 4992.0
v -4793.0 2667.0 4992.0
v -4715.01 2745.0 -10688.0
v -2453.0 2745.0 4992.0
v -4793.0 2745.0 4992.0
v -2453.0 327.0 -10688.0
v -4793.0 327.0 -10688.0
v -2375.0 405.006 4992.0
v -4715.01 327.0 4992.0
v -4793.0 404.998 -10688.0
v -2375.0 2666.99 -10688.0

vt -10667.0 -42751.0
vt -1618.992 -42751.0
vt -1307.0 -42751.0
vt -1618.992 19969.0
vt -10667.0 19969.0
vt -10979.0 19969.0
vt -1307.0 -42751.0
vt -1619.024 -42751.0
vt -10666.96 -42751.0
vt -10979.0 19969.0
vt -10666.960000000001 19969.0
vt -1619.024 19969.0
vt 19173.0 -42751.0
vt 18861.04 -42751.0
vt 9813.0 -42751.0
vt 9501.0 -42751.0
vt 9813.0 19969.0
vt 18861.04 19969.0
vt 9813.0 -42751.0
vt 18861.04 -42751.0
vt 19173.0 19969.0
vt 18861.0 19969.0
vt 9813.0 19969.0
vt 9501.0 19969.0
vt -9499.0 1621.024
vt -9499.0 1309.0
vt -9811.0 1309.0
vt -18859.04 1309.0
vt -19171.0 1309.0
vt -19171.0 1620.992
vt -19171.0 10669.0
vt -18859.04 10981.0
vt -9499.0 10668.96
vt 19173.0 1620.992
vt 18861.04 1309.0
vt 9813.0 1309.0
vt 9501.0 1621.024
vt 9501.0 10668.960000000001
vt 9501.0 10981.0
vt 9813.0 10981.0
vt 18861.0 10981.0
vt 19173.0 10981.0
vt 19173.0 10669.0
vt -10979.0 -42751.0
vt -10667.0 -42751.0
vt -10667.0 19969.0
vt -10979.0 19969.0
vt -1618.992 -42751.0
vt -1307.0 -42751.0
vt -1307.0 19969.0
vt -1618.992 19969.0
vt -1307.0 -42751.0
vt -1619.024 -42751.0
vt -1619.024 19969.0
vt -1307.0 19969.0
vt -10666.96 -42751.0
vt -10979.0 -42751.0
vt -10979.0 19969.0
vt -10666.960000000001 19969.0

usemtl metal/metalhull010b
f 2/1 18/2 15/3 7/4 10/5 13/6 
f 3/7 5/8 19/9 9/10 8/11 16/12 
f 15/13 6/14 14/15 3/16 4/17 17/18 
usemtl tools/toolsblack
f 3/19 11/20 13/21 1/22 12/23 9/24 
f 5/25 3/26 14/27 6/28 15/29 18/30 2/31 11/32 19/33 
usemtl concrete/concretefloor026a
f 7/34 17/35 4/36 16/37 8/38 9/39 12/40 1/41 13/42 10/43 
usemtl metal/metalhull002a
f 11/44 2/45 10/46 1/47 
f 18/48 6/49 17/50 7/51 
f 14/52 5/53 16/54 4/55 
f 19/56 3/57 12/58 8/59 


o 5

v 185.0 -3691.0 4992.0
v -2233.0 -3690.99 -10688.0
v 185.0 -3769.0 4992.0
v 107.009 -1351.0 4992.0
v 185.0 -1351.0 -10688.0
v -2233.0 -1429.01 4992.0
v -2155.0 -1351.0 -10688.0
v 185.0 -1429.0 -10688.0
v -2155.0 -3769.0 4992.0
v 107.009 -3769.0 4992.0
v 185.0 -3691.0 -10688.0
v -2233.0 -3690.99 4992.0
v 107.009 -1351.0 -10688.0
v -2233.0 -1429.01 -10688.0
v 185.0 -1429.01 4992.0
v -2155.01 -1351.0 4992.0
v -2155.0 -3769.0 -10688.0
v 107.009 -3769.0 -10688.0
v -2233.0 -3769.0 4992.0

vt 5405.0 -42751.0
vt 5717.04 -42751.0
vt 5717.04 19969.0
vt 5405.0 19969.0
vt 14764.96 -42751.0
vt 15077.0 -42751.0
vt 15077.0 19969.0
vt 14764.96 19969.0
vt 15077.0 -42751.0
vt 14765.0 -42751.0
vt 14765.0 19969.0
vt 15077.0 19969.0
vt 5717.0 -42751.0
vt 5405.0 -42751.0
vt 5405.0 19969.0
vt 5717.04 19969.0
vt 5405.0 -42751.0
vt 5717.04 -42751.0
vt 14764.96 -42751.0
vt 15077.0 19969.0
vt 14764.96 19969.0
vt 5717.04 19969.0
vt 14765.0 -42751.0
vt 5717.0 -42751.0
vt 5405.0 -42751.0
vt 5717.04 19969.0
vt 14765.0 19969.0
vt 15077.0 19969.0
vt 8621.0 -42751.0
vt -427.036 -42751.0
vt -739.0 19969.0
vt -427.036 19969.0
vt 8621.0 19969.0
vt 8933.0 19969.0
vt -739.0 -42751.0
vt -427.036 -42751.0
vt 8621.0 -42751.0
vt 8933.0 -42751.0
vt 8621.04 19969.0
vt -427.036 19969.0
vt 741.0 -14763.0
vt 429.036 -15075.0
vt -8619.0 -15075.0
vt -8931.0 -14762.96
vt -8931.0 -5715.04
vt -8619.0 -5403.0
vt 429.036 -5403.0
vt 741.0 -5403.0
vt 741.0 -5715.0
vt 8933.0 -14762.96
vt 8933.0 -15075.0
vt 8621.0 -15075.0
vt -427.036 -15075.0
vt -739.0 -15075.0
vt -739.0 -14763.0
vt -739.0 -5715.04
vt -427.036 -5403.0
vt 8621.04 -5403.0
vt 8933.0 -5715.04

usemtl metal/metalhull002a
f 26/60 33/61 25/62 35/63 
f 21/64 36/65 28/66 31/67 
f 37/68 30/69 20/70 29/71 
f 27/72 32/73 23/74 34/75 
usemtl metal/metalhull010b
f 36/76 33/77 21/78 38/79 31/80 25/81 
f 30/82 27/83 24/84 34/85 20/86 22/87 
f 36/88 37/89 22/90 29/91 28/92 38/93 
f 24/94 32/95 26/96 36/97 35/98 23/99 
usemtl tools/toolsblack
f 30/100 37/101 36/102 21/103 33/104 26/105 32/106 24/107 27/108 
usemtl metal/metalhull010b
f 31/109 38/110 28/111 29/112 22/113 20/114 34/115 23/116 35/117 25/118 


o 6

v -4715.0 2667.0 5104.0
v -3072.0 405.0 4992.0
v -4715.0 405.0 4992.0
v -3072.0 2667.0 4992.0
v -3072.0 405.0 5104.0
v -4715.0 405.0 5104.0
v -3072.0 2667.0 5104.0
v -4715.0 2667.0 4992.0

vt -10667.0 19969.0
vt -1619.0 19969.0
vt -1619.0 20417.0
vt -10667.0 20417.0
vt -1619.0 19969.0
vt -10667.0 19969.0
vt -10667.0 20417.0
vt -1619.0 20417.0
vt 18861.0 19969.0
vt 12289.0 19969.0
vt 12289.0 20417.0
vt 18861.0 20417.0
vt 12289.0 19969.0
vt 18861.0 19969.0
vt 18861.0 20417.0
vt 12289.0 20417.0
vt 12289.0 1621.0
vt 18861.0 1621.0
vt 18861.0 10669.0
vt 12289.0 10669.0
vt 18861.0 1621.0
vt 12289.0 1621.0
vt 12289.0 10669.0
vt 18861.0 10669.0

usemtl props/rubberfloor004a
f 46/119 41/120 44/121 39/122 
usemtl concrete/concretefloor026a
f 40/123 42/124 45/125 43/126 
usemtl props/rubberfloor004a
f 41/127 40/128 43/129 44/130 
f 42/131 46/132 39/133 45/134 
f 40/135 41/136 46/137 42/138 
f 44/139 43/140 45/141 39/142 


o 7

v -3608.0 1595.0 6336.0
v -3629.0 1581.0 7232.0
v -3643.0 1512.0 7232.0
v -3517.3817835607747 1548.5726753411614 7232.000000000001
v -3525.0 1512.0 7232.0
v -3628.99 1491.0 7232.0
v -3571.428571428572 1469.3809523809527 6336.0
v -3560.0 1595.0 6336.0
v -3607.99 1477.0 6336.0
v -3648.0 1536.0 6336.0
v -3584.0 1472.0 7232.0
v -3584.0 1600.0 6336.0
v -3520.0 1536.01 7232.0
v -3571.428571428572 1602.619047619048 7232.000000000001
v -3546.4516129032254 1592.1774193548388 6336.0
v -3596.5658809399715 1469.3821081375058 6336.000000000001
v -3621.548387096774 1592.177419354839 6336.0
v -3643.0 1560.0 7232.0
v -3539.0 1581.0 7232.0
v -3525.0 1560.0 7232.0
v -3539.0 1491.0 7232.0
v -3527.820161290322 1573.5467741935488 7232.0
v -3560.0 1477.0 6336.0
v -3517.380952380953 1523.4285714285716 6335.999999999999
v -3517.3809523809523 1523.4285714285713 6335.999999999999
v -3640.1802678550866 1498.465285704415 6336.0
v -3608.0 1595.0 7232.0
v -3629.0 1581.0 6336.0
v -3643.0 1512.0 6336.0
v -3525.0 1512.0 6336.0
v -3640.177419354839 1573.5483870967744 6336.0
v -3546.451612903226 1479.8225806451615 7232.000000000001
v -3629.0 1491.0 6336.0
v -3560.0 1595.0 7232.0
v -3608.0 1477.0 7232.0
v -3621.54632764458 1479.822151592621 6336.0
v -3648.0 1536.0 7232.0
v -3584.0 1472.0 6336.0
v -3584.0 1600.0 7232.0
v -3520.0 1536.0 6336.0
v -3527.8187973561176 1498.4541350959214 6335.999999999999
v -3643.0 1560.0 6336.0
v -3596.57142857143 1602.6190476190477 7232.000000000001
v -3539.0 1581.0 6336.0
v -3525.0 1560.0 6336.0
v -3650.62027238324 1523.4226925604469 6336.000000000001
v -3650.6202723832394 1523.422692560447 6336.000000000001
v -3539.0 1491.0 6336.0
v -3650.619047619048 1548.571428571429 6336.0
v -3560.0 1477.0 7232.0

vt -5992.816540383686 25344.999999999996
vt -6047.0 25345.0
vt -6143.0 25345.0
vt -6193.290701364645 28929.000000000004
vt -6143.04 28929.0
vt -6047.0 28929.0
vt -5963.0 25345.0
vt -6047.0 25345.0
vt -6092.714285714286 25344.999999999996
vt -6047.0 28929.0
vt -5963.0 28929.0
vt -5918.290322580646 28929.000000000004
vt 14286.714285714288 25345.0
vt 14241.0 25345.0
vt 14157.0 25345.0
vt 14112.27518942447 25344.999999999996
vt 14157.0 28929.0
vt 14241.0 28929.0
vt 14387.263523759886 25345.000000000004
vt 14337.0 25345.0
vt 14241.0 25345.0
vt 14186.806451612903 28929.000000000004
vt 14241.0 28929.0
vt 14337.0 28929.0
vt 14487.18531057832 25345.0
vt 14432.96 25345.0
vt 14337.0 25345.0
vt 14286.714285714288 25345.0
vt 14337.0 28929.0
vt 14433.0 28929.0
vt 14561.721071420347 25345.0
vt 14517.0 25345.0
vt 14432.96 25345.0
vt 14387.263523759886 25345.000000000004
vt 14433.0 28929.0
vt 14516.96 28929.0
vt -6092.6907702417875 25345.000000000004
vt -6047.0 25345.0
vt -5963.0 25345.0
vt -5918.288606370484 25345.0
vt -5963.0 28929.0
vt -6047.0 28929.0
vt -6193.285714285716 25345.0
vt -6143.0 25345.0
vt -6047.0 25345.0
vt -5992.86114281766 25345.0
vt -6047.0 28929.0
vt -6143.0 28929.0
vt -6293.1935483870975 25345.0
vt -6239.0 25345.0
vt -6143.0 25345.0
vt -6092.6907702417875 25345.000000000004
vt -6143.0 28929.0
vt -6239.0 28929.0
vt -6367.709677419356 25345.0
vt -6323.0 25345.0
vt -6239.0 25345.0
vt -6193.285714285716 25345.0
vt -6239.0 28929.0
vt -6323.0 28929.0
vt 14433.0 25345.0
vt 14517.0 25345.0
vt 14561.709677419356 25345.0
vt 14517.0 28929.0
vt 14433.0 28929.0
vt 14387.28571428572 28929.000000000004
vt 14337.0 25345.0
vt 14433.0 25345.0
vt 14487.193548387097 25345.0
vt 14433.0 28929.0
vt 14337.0 28929.0
vt 14286.714285714288 28929.000000000004
vt -6239.0 25345.0
vt -6323.0 25345.0
vt -6367.709677419355 25345.0
vt -6323.0 28929.0
vt -6239.0 28929.0
vt -6193.290701364645 28929.000000000004
vt -6092.714285714286 25344.999999999996
vt -6143.0 25345.0
vt -6239.0 25345.0
vt -6293.187096774195 28929.0
vt -6239.0 28929.0
vt -6143.04 28929.0
vt 14186.806451612902 25345.0
vt 14241.0 25345.0
vt 14337.0 25345.0
vt 14387.28571428572 28929.000000000004
vt 14337.0 28929.0
vt 14241.0 28929.0
vt 14157.0 25345.0
vt 14241.0 25345.0
vt 14286.714285714288 28929.000000000004
vt 14241.0 28929.0
vt 14157.0 28929.0
vt 14112.280645161289 28929.0
vt 14070.52380952381 6094.714285714285
vt 14101.0 6049.0
vt 14112.27518942447 5994.816540383686
vt 14157.0 5965.0
vt 14241.0 5909.0
vt 14286.714285714288 5878.523809523811
vt 14337.0 5889.0
vt 14387.263523759886 5878.528432550023
vt 14432.96 5909.0
vt 14487.18531057832 5920.288606370484
vt 14517.0 5965.0
vt 14561.721071420347 5994.86114281766
vt 14573.0 6049.0
vt 14603.481089532957 6094.690770241788
vt 14593.0 6145.0
vt 14603.476190476193 6195.285714285716
vt 14573.0 6241.0
vt 14561.709677419356 6295.1935483870975
vt 14517.0 6325.0
vt 14487.193548387097 6369.709677419356
vt 14433.0 6381.0
vt 14337.0 6401.0
vt 14241.0 6381.0
vt 14186.806451612902 6369.709677419355
vt 14157.0 6325.0
vt 14101.0 6241.0
vt 14081.0 6145.0
vt 14593.0 6145.0
vt 14573.0 6049.0
vt 14516.96 5965.0
vt 14433.0 5909.0
vt 14337.0 5889.0
vt 14241.0 5909.0
vt 14186.806451612903 5920.290322580646
vt 14157.0 5965.0
vt 14101.0 6049.0
vt 14081.0 6145.04
vt 14070.527134243099 6195.290701364645
vt 14101.0 6241.0
vt 14112.280645161289 6295.187096774195
vt 14157.0 6325.0
vt 14241.0 6381.0
vt 14286.714285714288 6411.476190476192
vt 14337.0 6401.0
vt 14387.28571428572 6411.476190476191
vt 14433.0 6381.0
vt 14517.0 6325.0
vt 14573.0 6241.0

usemtl metal/metalhull010b
f 87/143 76/144 86/145 50/146 59/147 51/148 
f 94/149 76/150 70/151 51/152 67/153 78/154 
f 53/155 69/156 94/157 87/158 67/159 96/160 
f 62/161 84/162 69/163 78/164 96/165 57/166 
f 82/167 55/168 84/169 53/170 57/171 81/172 
f 72/173 79/174 55/175 62/176 81/177 52/178 
f 92/179 75/180 79/181 82/182 52/183 49/184 
f 95/185 56/186 75/187 72/188 49/189 83/190 
f 77/191 88/192 56/193 92/194 83/195 64/196 
f 63/197 74/198 88/199 95/200 64/201 48/202 
f 47/203 74/204 77/205 48/206 73/207 89/208 
f 58/209 47/210 63/211 73/212 85/213 60/214 
f 91/215 90/216 61/217 65/218 66/219 50/220 
f 70/221 86/222 91/223 68/224 66/225 59/226 
f 61/227 54/228 58/229 89/230 85/231 80/232 
f 90/233 54/234 60/235 80/236 65/237 68/238 
f 71/239 76/240 87/241 94/242 69/243 53/244 84/245 62/246 55/247 82/248 79/249 72/250 75/251 93/252 56/253 95/254 88/255 77/256 74/257 63/258 47/259 58/260 54/261 61/262 90/263 91/264 86/265 
f 83/266 49/267 52/268 81/269 57/270 96/271 78/272 67/273 51/274 59/275 50/276 66/277 68/278 65/279 80/280 60/281 85/282 89/283 73/284 48/285 64/286 


o 8

v -3608.0 1595.0 8128.0
v -3629.0 1581.0 9024.0
v -3643.0 1512.0 9024.0
v -3517.3817835607747 1548.5726753411614 9024.0
v -3525.0 1512.0 9024.0
v -3628.99 1491.0 9024.0
v -3571.428571428572 1469.3809523809527 8128.0
v -3560.0 1595.0 8128.0
v -3607.99 1477.0 8128.0
v -3648.0 1536.0 8128.0
v -3584.0 1600.0 8128.0
v -3584.0 1472.0 9024.0
v -3520.0 1536.0 9024.0
v -3571.428571428572 1602.619047619048 9024.0
v -3546.4516129032254 1592.1774193548388 8128.0
v -3596.5658809399715 1469.3821081375058 8128.0
v -3621.548387096774 1592.177419354839 8128.0
v -3643.0 1560.0 9024.0
v -3539.0 1581.0 9024.0
v -3525.0 1560.0 9024.0
v -3539.0 1491.0 9024.0
v -3527.8201612903226 1573.546774193549 9024.0
v -3560.0 1477.0 8128.0
v -3517.380952380953 1523.4285714285706 8128.0
v -3517.3809523809523 1523.4285714285706 8128.0
v -3640.1802678550866 1498.465285704415 8128.000000000001
v -3608.0 1595.0 9024.0
v -3629.0 1581.0 8128.0
v -3643.0 1512.0 8128.0
v -3525.0 1512.0 8128.0
v -3640.177419354839 1573.5483870967744 8128.0
v -3629.0 1491.0 8128.0
v -3546.451612903226 1479.8225806451615 9024.0
v -3560.0 1595.0 9024.0
v -3607.99 1477.0 9024.0
v -3648.0 1536.0 9024.0
v -3621.54632764458 1479.8221515926205 8128.0
v -3584.0 1600.0 9024.0
v -3584.0 1472.0 8128.0
v -3520.0 1536.0 8128.0
v -3527.8187973561176 1498.4541350959214 8128.0
v -3643.0 1560.0 8128.0
v -3596.57142857143 1602.6190476190477 9024.0
v -3539.0 1581.0 8128.0
v -3525.0 1560.0 8128.0
v -3650.62027238324 1523.422692560447 8128.0
v -3650.6202723832394 1523.4226925604469 8128.0
v -3539.0 1491.0 8128.0
v -3650.619047619048 1548.571428571429 8128.0
v -3560.0 1477.0 9024.0

vt -6293.1935483870975 32513.0
vt -6239.0 32513.0
vt -6143.0 32513.0
vt -6092.690770241788 32513.0
vt -6143.0 36097.0
vt -6239.0 36097.0
vt -6367.709677419356 32513.0
vt -6323.0 32513.0
vt -6239.0 32513.0
vt -6193.285714285716 32513.0
vt -6239.0 36097.0
vt -6323.0 36097.0
vt 14433.0 32513.0
vt 14517.0 32513.0
vt 14561.709677419356 32513.0
vt 14517.0 36097.0
vt 14433.0 36097.0
vt 14387.28571428572 36097.0
vt 14337.0 32513.0
vt 14433.0 32513.0
vt 14487.193548387097 32513.0
vt 14433.0 36097.0
vt 14337.0 36097.0
vt 14286.714285714288 36097.0
vt -6239.0 32513.0
vt -6323.0 32513.0
vt -6367.709677419355 32513.0
vt -6323.0 36097.0
vt -6239.0 36097.0
vt -6193.290701364645 36097.0
vt -6092.714285714283 32513.0
vt -6143.0 32513.0
vt -6239.0 32513.0
vt -6293.187096774196 36097.0
vt -6239.0 36097.0
vt -6143.0 36097.0
vt 14186.806451612902 32513.0
vt 14241.0 32513.0
vt 14337.0 32513.0
vt 14387.28571428572 36097.0
vt 14337.0 36097.0
vt 14241.0 36097.0
vt 14157.0 32513.0
vt 14241.0 32513.0
vt 14286.714285714288 36097.0
vt 14241.0 36097.0
vt 14157.0 36097.0
vt 14112.28064516129 36097.0
vt 14070.523809523813 6094.714285714283
vt 14101.0 6049.0
vt 14112.27518942447 5994.816540383686
vt 14157.0 5965.0
vt 14241.0 5909.0
vt 14286.714285714288 5878.523809523811
vt 14337.0 5889.0
vt 14387.263523759886 5878.528432550023
vt 14432.96 5909.0
vt 14487.18531057832 5920.288606370482
vt 14517.0 5965.0
vt 14561.721071420347 5994.86114281766
vt 14573.0 6049.0
vt 14603.48108953296 6094.690770241788
vt 14593.0 6145.0
vt 14603.476190476193 6195.285714285716
vt 14573.0 6241.0
vt 14561.709677419356 6295.1935483870975
vt 14517.0 6325.0
vt 14487.193548387097 6369.709677419356
vt 14433.0 6381.0
vt 14337.0 6401.0
vt 14241.0 6381.0
vt 14186.806451612902 6369.709677419355
vt 14157.0 6325.0
vt 14101.0 6241.0
vt 14081.0 6145.0
vt 14593.0 6145.0
vt 14573.0 6049.0
vt 14516.96 5965.0
vt 14432.96 5909.0
vt 14337.0 5889.0
vt 14241.0 5909.0
vt 14186.806451612903 5920.290322580646
vt 14157.0 5965.0
vt 14101.0 6049.0
vt 14081.0 6145.0
vt 14070.527134243099 6195.290701364645
vt 14101.0 6241.0
vt 14112.28064516129 6295.187096774196
vt 14157.0 6325.0
vt 14241.0 6381.0
vt 14286.714285714288 6411.476190476192
vt 14337.0 6401.0
vt 14387.28571428572 6411.476190476191
vt 14433.0 6381.0
vt 14517.0 6325.0
vt 14573.0 6241.0
vt -5992.816540383686 32513.0
vt -6047.0 32513.0
vt -6143.0 32513.0
vt -6193.290701364645 36097.0
vt -6143.0 36097.0
vt -6047.0 36097.0
vt -5963.0 32513.0
vt -6047.0 32513.0
vt -6092.714285714283 32513.0
vt -6047.0 36097.0
vt -5963.0 36097.0
vt -5918.290322580646 36097.0
vt 14286.714285714288 32513.0
vt 14241.0 32513.0
vt 14157.0 32513.0
vt 14112.27518942447 32513.0
vt 14157.0 36097.0
vt 14241.0 36097.0
vt 14387.263523759886 32513.0
vt 14337.0 32513.0
vt 14241.0 32513.0
vt 14186.806451612903 36097.0
vt 14241.0 36097.0
vt 14337.0 36097.0
vt 14487.18531057832 32513.0
vt 14432.96 32513.0
vt 14337.0 32513.0
vt 14286.714285714288 32513.0
vt 14337.0 36097.0
vt 14432.96 36097.0
vt 14561.721071420347 32513.000000000004
vt 14517.0 32513.0
vt 14432.96 32513.0
vt 14387.263523759886 32513.0
vt 14432.96 36097.0
vt 14516.96 36097.0
vt -6092.6907702417875 32513.0
vt -6047.0 32513.0
vt -5963.0 32513.0
vt -5918.288606370482 32513.0
vt -5963.0 36097.0
vt -6047.0 36097.0
vt -6193.285714285716 32513.0
vt -6143.0 32513.0
vt -6047.0 32513.0
vt -5992.86114281766 32513.000000000004
vt -6047.0 36097.0
vt -6143.0 36097.0

usemtl metal/metalhull010b
f 127/287 138/288 106/289 142/290 132/291 114/292 
f 113/293 124/294 138/295 145/296 114/297 98/298 
f 97/299 124/300 127/301 98/302 123/303 139/304 
f 107/305 97/306 113/307 123/308 134/309 110/310 
f 141/311 140/312 111/313 115/314 116/315 100/316 
f 120/317 136/318 141/319 118/320 116/321 109/322 
f 111/323 104/324 107/325 139/326 134/327 130/328 
f 140/329 104/330 110/331 130/332 115/333 118/334 
f 120/335 126/336 137/337 144/338 119/339 103/340 135/341 112/342 105/343 133/344 128/345 122/346 125/347 142/348 106/349 145/350 138/351 127/352 124/353 113/354 97/355 107/356 104/357 111/358 140/359 141/360 136/361 
f 132/362 99/363 102/364 131/365 108/366 146/367 129/368 117/369 101/370 109/371 100/372 116/373 118/374 115/375 130/376 110/377 134/378 139/379 123/380 98/381 114/382 
f 137/383 126/384 136/385 100/386 109/387 101/388 
f 144/389 126/390 121/391 101/392 117/393 129/394 
f 103/395 119/396 144/397 137/398 117/399 146/400 
f 112/401 135/402 119/403 129/404 146/405 108/406 
f 133/407 105/408 135/409 103/410 108/411 131/412 
f 122/413 128/414 105/415 112/416 131/417 102/418 
f 143/419 125/420 128/421 133/422 102/423 99/424 
f 145/425 106/426 125/427 122/428 99/429 132/430 


o 9

v -3584.0 1472.0 7232.0
v -3584.0 1471.9999999999998 8128.0
v -3584.0 1600.0 7232.0
v -3584.0 1600.0 8128.0
v -3529.0 1504.0 7232.0
v -3529.0 1504.0 8128.0
v -3529.0 1568.0 7232.0
v -3529.0 1568.0 8128.0
v -3639.0 1568.0 7232.0
v -3639.0 1568.0 8128.0
v -3639.0 1504.0 7232.0
v -3639.0 1504.0 8128.0

vt 14337.0 28929.0
vt 14117.0 28929.0
vt 14117.0 32513.0
vt 14337.0 32513.0
vt 14337.0 28929.0
vt 14557.0 28929.0
vt 14557.0 32513.0
vt 14337.0 32513.0
vt 14117.0 28929.0
vt 14337.0 28929.0
vt 14337.0 32513.0
vt 14117.0 32513.0
vt 14557.0 28929.0
vt 14337.0 28929.0
vt 14337.0 32513.0
vt 14557.0 32513.0
vt -6271.0 28929.0
vt -6015.0 28929.0
vt -6015.0 32513.0
vt -6271.0 32513.0
vt -6015.0 28929.0
vt -6271.0 28929.0
vt -6271.0 32513.0
vt -6015.0 32513.0
vt 14117.0 6017.0
vt 14337.0 5889.0
vt 14557.0 6017.0
vt 14557.0 6273.0
vt 14337.0 6401.0
vt 14117.0 6273.0
vt 14557.0 6017.0
vt 14337.0 5888.999999999999
vt 14117.0 6017.0
vt 14117.0 6273.0
vt 14337.0 6401.0
vt 14557.0 6273.0

usemtl metal/metalwall030a
f 147/431 151/432 152/433 148/434 
f 149/435 155/436 156/437 150/438 
f 153/439 149/440 150/441 154/442 
f 157/443 147/444 148/445 158/446 
f 155/447 157/448 158/449 156/450 
f 151/451 153/452 154/453 152/454 
f 151/455 147/456 157/457 155/458 149/459 153/460 
f 158/461 148/462 152/463 154/464 150/465 156/466 


o 10

v -3680.0 1552.0 7232.0
v -3680.0 1552.0 8128.0
v -3488.0 1552.0 7232.0
v -3488.0 1552.0 8128.0
v -3680.0 1520.0 7232.0
v -3680.0 1520.0 8128.0
v -3488.0 1520.0 7232.0
v -3488.0 1520.0 8128.0

vt -6207.0 28929.0
vt -6079.0 28929.0
vt -6079.0 32513.0
vt -6207.0 32513.0
vt -6079.0 28929.0
vt -6207.0 28929.0
vt -6207.0 32513.0
vt -6079.0 32513.0
vt 14721.0 28929.0
vt 13953.0 28929.0
vt 13953.0 32513.0
vt 14721.0 32513.0
vt 13953.0 28929.0
vt 14721.0 28929.0
vt 14721.0 32513.0
vt 13953.0 32513.0
vt 13953.0 6081.0
vt 14721.0 6081.0
vt 14721.0 6209.0
vt 13953.0 6209.0
vt 14721.0 6081.0
vt 13953.0 6081.0
vt 13953.0 6209.0
vt 14721.0 6209.0

usemtl metal/metalwall030a
f 159/467 163/468 164/469 160/470 
f 165/471 161/472 162/473 166/474 
f 163/475 165/476 166/477 164/478 
f 161/479 159/480 160/481 162/482 
f 165/483 163/484 159/485 161/486 
f 164/487 166/488 162/489 160/490 


o 11

v -3552.0 1626.28 7232.0
v -3552.0 1626.28 8128.0
v -3648.0 1460.0 7232.0
v -3648.0 1460.0 8128.0
v -3524.29 1610.28 7232.0
v -3524.29 1610.28 8128.0
v -3620.29 1444.0 7232.0
v -3620.29 1444.0 8128.0

vt 2239.5640000000003 28929.0
vt 1471.5700800000004 28929.0
vt 1471.5700800000004 32513.0
vt 2239.5640000000003 32513.0
vt 1471.5660800000005 28929.0
vt 2239.5600000000004 28929.0
vt 2239.5600000000004 32513.0
vt 1471.5660800000005 32513.0
vt -15555.672 28929.0
vt -15427.68456 28929.0
vt -15427.68456 32513.0
vt -15555.672 32513.0
vt -15427.70056 28929.0
vt -15555.688 28929.0
vt -15555.688 32513.0
vt -15427.70056 32513.0
vt 2239.5640000000003 15429.68456
vt 2239.5600000000004 15557.672
vt 1471.5660800000005 15557.688
vt 1471.5700800000004 15429.70056
vt 2239.5600000000004 15557.672
vt 2239.5640000000003 15429.68456
vt 1471.5700800000004 15429.70056
vt 1471.5660800000005 15557.688

usemtl metal/metalwall030a
f 173/491 171/492 172/493 174/494 
f 167/495 169/496 170/497 168/498 
f 169/499 173/500 174/501 170/502 
f 171/503 167/504 168/505 172/506 
f 173/507 169/508 167/509 171/510 
f 170/511 174/512 172/513 168/514 


o 12

v -3520.0 1460.0 7232.0
v -3520.0 1460.0 8128.0
v -3616.0 1626.28 7232.0
v -3616.0 1626.28 8128.0
v -3643.71 1610.28 7232.0
v -3643.71 1610.28 8128.0
v -3547.71 1444.0 7232.0
v -3547.71 1444.0 8128.0

vt -12096.439999999999 -9272.28
vt -12096.436 -9400.26744
vt -12864.429919999999 -9400.25144
vt -12864.43392 -9272.264000000001
vt -12096.436 -9400.26744
vt -12096.439999999999 -9272.28
vt -12864.43392 -9272.264000000001
vt -12864.429919999999 -9400.25144
vt -12864.429919999999 28929.0
vt -12096.436 28929.0
vt -12096.436 32513.0
vt -12864.429919999999 32513.0
vt -12096.439999999999 28929.0
vt -12864.43392 28929.0
vt -12864.43392 32513.0
vt -12096.439999999999 32513.0
vt 9402.26744 28929.0
vt 9274.28 28929.0
vt 9274.28 32513.0
vt 9402.26744 32513.0
vt 9274.264000000001 28929.0
vt 9402.25144 28929.0
vt 9402.25144 32513.0
vt 9274.264000000001 32513.0

usemtl metal/metalwall030a
f 175/515 181/516 179/517 177/518 
f 182/519 176/520 178/521 180/522 
f 179/523 181/524 182/525 180/526 
f 175/527 177/528 178/529 176/530 
f 181/531 175/532 176/533 182/534 
f 177/535 179/536 180/537 178/538 


o 13

v -3664.0 1552.0 6176.0
v -3648.0 1552.0 6288.0
v -3664.0 1520.0 6288.0
v -3648.0 1552.0 6176.0
v -3664.0 1520.0 6176.0
v -3648.0 1520.0 6288.0
v -3664.0 1552.0 6288.0
v -3648.0 1520.0 6176.0

vt -6207.0 24705.0
vt -6079.0 24705.0
vt -6079.0 25153.0
vt -6207.0 25153.0
vt -6079.0 24705.0
vt -6207.0 24705.0
vt -6207.0 25153.0
vt -6079.0 25153.0
vt 14657.0 24705.0
vt 14593.0 24705.0
vt 14593.0 25153.0
vt 14657.0 25153.0
vt 14593.0 24705.0
vt 14657.0 24705.0
vt 14657.0 25153.0
vt 14593.0 25153.0
vt 14593.0 6081.0
vt 14657.0 6081.0
vt 14657.0 6209.0
vt 14593.0 6209.0
vt 14657.0 6081.0
vt 14593.0 6081.0
vt 14593.0 6209.0
vt 14657.0 6209.0

usemtl concrete/concretefloor026a
f 183/539 187/540 185/541 189/542 
f 190/543 186/544 184/545 188/546 
f 187/547 190/548 188/549 185/550 
f 186/551 183/552 189/553 184/554 
f 190/555 187/556 183/557 186/558 
f 185/559 188/560 184/561 189/562 


o 14

v -3664.0 1520.0 5632.0
v -3664.0 1552.0 5728.0
v -3648.0 1520.0 5632.0
v -3648.0 1552.0 5728.0
v -3664.0 1552.0 5632.0
v -3664.0 1520.0 5728.0
v -3648.0 1552.0 5632.0
v -3648.0 1520.0 5728.0

vt -6207.0 22529.0
vt -6079.0 22529.0
vt -6079.0 22913.0
vt -6207.0 22913.0
vt -6079.0 22529.0
vt -6207.0 22529.0
vt -6207.0 22913.0
vt -6079.0 22913.0
vt 14657.0 22529.0
vt 14593.0 22529.0
vt 14593.0 22913.0
vt 14657.0 22913.0
vt 14593.0 22529.0
vt 14657.0 22529.0
vt 14657.0 22913.0
vt 14593.0 22913.0
vt 14593.0 6081.0
vt 14657.0 6081.0
vt 14657.0 6209.0
vt 14593.0 6209.0
vt 14657.0 6081.0
vt 14593.0 6081.0
vt 14593.0 6209.0
vt 14657.0 6209.0

usemtl concrete/concretefloor026a
f 195/563 191/564 196/565 192/566 
f 193/567 197/568 194/569 198/570 
f 191/571 193/572 198/573 196/574 
f 197/575 195/576 192/577 194/578 
f 193/579 191/580 195/581 197/582 
f 196/583 198/584 194/585 192/586 


o 15

v -3072.0 1805.0 4992.0
v -2453.0 2667.0 5104.0
v -3072.0 1805.0 5104.0
v -3072.0 2667.0 4992.0
v -2453.0 1805.0 4992.0
v -3072.0 2667.0 5104.0
v -2453.0 1805.0 5104.0
v -2453.0 2667.0 4992.0

vt 12289.0 19969.0
vt 9813.0 19969.0
vt 9813.0 20417.0
vt 12289.0 20417.0
vt 9813.0 19969.0
vt 12289.0 19969.0
vt 12289.0 20417.0
vt 9813.0 20417.0
vt 9813.0 7221.0
vt 12289.0 7221.0
vt 12289.0 10669.0
vt 9813.0 10669.0
vt 12289.0 7221.0
vt 9813.0 7221.0
vt 9813.0 10669.0
vt 12289.0 10669.0
vt -10667.0 19969.0
vt -7219.0 19969.0
vt -7219.0 20417.0
vt -10667.0 20417.0
vt -7219.0 19969.0
vt -10667.0 19969.0
vt -10667.0 20417.0
vt -7219.0 20417.0

usemtl concrete/concretefloor026a
f 199/587 203/588 205/589 201/590 
usemtl props/rubberfloor004a
f 206/591 202/592 204/593 200/594 
f 203/595 199/596 202/597 206/598 
f 201/599 205/600 200/601 204/602 
f 202/603 199/604 201/605 204/606 
f 203/607 206/608 200/609 205/610 


o 16

v -2453.0 1536.0 5104.0
v -3072.0 1536.0 4992.0
v -3072.0 405.0 4992.0
v -3072.0 1536.0 5104.0
v -3072.0 405.0 5104.0
v -2453.0 405.0 4992.0
v -2453.0 1536.0 4992.0
v -2453.0 405.0 5104.0

vt -6143.0 19969.0
vt -1619.0 19969.0
vt -1619.0 20417.0
vt -6143.0 20417.0
vt -1619.0 19969.0
vt -6143.0 19969.0
vt -6143.0 20417.0
vt -1619.0 20417.0
vt 12289.0 19969.0
vt 9813.0 19969.0
vt 9813.0 20417.0
vt 12289.0 20417.0
vt 9813.0 19969.0
vt 12289.0 19969.0
vt 12289.0 20417.0
vt 9813.0 20417.0
vt 9813.0 1621.0
vt 12289.0 1621.0
vt 12289.0 6145.0
vt 9813.0 6145.0
vt 12289.0 1621.0
vt 9813.0 1621.0
vt 9813.0 6145.0
vt 12289.0 6145.0

usemtl props/rubberfloor004a
f 208/611 209/612 211/613 210/614 
f 212/615 213/616 207/617 214/618 
f 209/619 212/620 214/621 211/622 
usemtl concrete/concretefloor026a
f 213/623 208/624 210/625 207/626 
usemtl props/rubberfloor004a
f 212/627 209/628 208/629 213/630 
f 211/631 214/632 207/633 210/634 


o 17

v -2816.0 1805.0 4992.0
v -2816.0 1805.0 5104.0
v -2816.0 1621.0 4992.0
v -2453.0 1805.0 4992.0
v -2453.0 1621.0 4992.0
v -2816.0 1621.0 5104.0
v -2453.0 1805.0 5104.0
v -2453.0 1621.0 5104.0

vt -7219.0 19969.0
vt -6483.0 19969.0
vt -6483.0 20417.0
vt -7219.0 20417.0
vt -6483.0 19969.0
vt -7219.0 19969.0
vt -7219.0 20417.0
vt -6483.0 20417.0
vt 11265.0 19969.0
vt 9813.0 19969.0
vt 9813.0 20417.0
vt 11265.0 20417.0
vt 9813.0 19969.0
vt 11265.0 19969.0
vt 11265.0 20417.0
vt 9813.0 20417.0
vt 9813.0 6485.0
vt 11265.0 6485.0
vt 11265.0 7221.0
vt 9813.0 7221.0
vt 11265.0 6485.0
vt 9813.0 6485.0
vt 9813.0 7221.0
vt 11265.0 7221.0

usemtl props/rubberfloor004a
f 215/635 217/636 220/637 216/638 
f 219/639 218/640 221/641 222/642 
f 217/643 219/644 222/645 220/646 
f 218/647 215/648 216/649 221/650 
f 219/651 217/652 215/653 218/654 
f 220/655 222/656 221/657 216/658 


o 18

v -2453.0 2745.0 -11328.0
v -2453.0 2745.0 -10688.0
v -2375.0 2667.0 -11328.0
v -2375.0 2667.0 -10688.0
v -2453.0 2667.0 -11328.0
v -2453.0 2667.0 -10688.0

vt -10979.0 -45311.0
vt -10667.0 -45311.0
vt -10667.0 -42751.0
vt -10979.0 -42751.0
vt 9813.0 -45311.0
vt 9501.0 -45311.0
vt 9501.0 -42751.0
vt 9813.0 -42751.0
vt -9499.0 10669.0
vt -9811.0 10669.0
vt -9811.0 10981.0
vt 9813.0 10669.0
vt 9501.0 10669.0
vt 9813.0 10981.0
vt -10667.0 -45311.0
vt -10979.0 -45311.0
vt -10979.0 -42751.0
vt -10667.0 -42751.0

usemtl metal/metalhull002a
f 223/659 227/660 228/661 224/662 
f 227/663 225/664 226/665 228/666 
f 225/667 227/668 223/669 
f 228/670 226/671 224/672 
f 225/673 223/674 224/675 226/676 


o 19

v -2453.0 405.0 -11328.0
v -2453.0 405.0 -10688.0
v -2453.0 327.004 -11328.0
v -2453.0 327.0 -10688.0
v -2375.0 405.0 -11328.0
v -2375.0 405.0 -10688.0

vt -9499.0 -45311.0
vt -9811.0 -45311.0
vt -9811.0 -42751.0
vt -9499.0 -42751.0
vt -9811.0 1309.016
vt -9811.0 1621.0
vt -9499.0 1621.0
vt 9813.0 1309.0
vt 9501.0 1621.0
vt 9813.0 1621.0
vt 1309.016 -45311.0
vt 1621.0 -45311.0
vt 1621.0 -42751.0
vt 1309.0 -42751.0
vt -1619.0 -45311.0
vt -1307.016 -45311.0
vt -1307.0 -42751.0
vt -1619.0 -42751.0

usemtl metal/metalhull002a
f 233/677 229/678 230/679 234/680 
f 231/681 229/682 233/683 
f 232/684 234/685 230/686 
f 231/687 233/688 234/689 232/690 
f 229/691 231/692 232/693 230/694 


o 20

v -4793.0 405.0 -11328.0
v -4793.0 405.0 -10656.0
v -4715.0 327.0 -11328.0
v -4715.0 327.0 -10656.0
v -4715.0 405.0 -11328.0
v -4715.0 405.0 -10656.0

vt -1307.0 -45311.0
vt -1619.0 -45311.0
vt -1619.0 -42623.0
vt -1307.0 -42623.0
vt -18859.0 -45311.0
vt -19171.0 -45311.0
vt -19171.0 -42623.0
vt -18859.0 -42623.0
vt -18859.0 1309.0
vt -19171.0 1621.0
vt -18859.0 1621.0
vt 18861.0 1309.0
vt 18861.0 1621.0
vt 19173.0 1621.0
vt 1621.0 -45311.0
vt 1309.0 -45311.0
vt 1309.0 -42623.0
vt 1621.0 -42623.0

usemtl metal/metalhull002a
f 237/695 239/696 240/697 238/698 
f 239/699 235/700 236/701 240/702 
f 237/703 235/704 239/705 
f 238/706 240/707 236/708 
f 235/709 237/710 238/711 236/712 


o 21

v -4793.0 2667.0 -11328.0
v -4793.0 2667.0 -10688.0
v -4715.0 2745.0 -11328.0
v -4715.0 2745.0 -10688.0
v -4715.0 2667.0 -11328.0
v -4715.0 2667.0 -10688.0

vt -18859.0 10669.0
vt -19171.0 10669.0
vt -18859.0 10981.0
vt 19173.0 10669.0
vt 18861.0 10669.0
vt 18861.0 10981.0
vt -10979.0 -45311.0
vt -10667.0 -45311.0
vt -10667.0 -42751.0
vt -10979.0 -42751.0
vt -10667.0 -45311.0
vt -10979.0 -45311.0
vt -10979.0 -42751.0
vt -10667.0 -42751.0
vt 19173.0 -45311.0
vt 18861.0 -45311.0
vt 18861.0 -42751.0
vt 19173.0 -42751.0

usemtl metal/metalhull002a
f 245/713 241/714 243/715 
f 242/716 246/717 244/718 
f 243/719 241/720 242/721 244/722 
f 245/723 243/724 244/725 246/726 
f 241/727 245/728 246/729 242/730 


o 22

v 185.0 -3691.0 -11328.0
v 185.0 -3691.0 -10688.0
v 107.0 -3691.0 -11328.0
v 107.0 -3691.0 -10688.0
v 107.0 -3769.0 -11328.0
v 107.0 -3769.0 -10688.0

vt 14765.0 -45311.0
vt 15077.0 -45311.0
vt 15077.0 -42751.0
vt 14765.0 -42751.0
vt 741.0 -45311.0
vt 429.0 -45311.0
vt 429.0 -42751.0
vt 741.0 -42751.0
vt 429.0 -15075.0
vt 429.0 -14763.0
vt 741.0 -14763.0
vt -427.0 -15075.0
vt -739.0 -14763.0
vt -427.0 -14763.0
vt -15075.0 -45311.0
vt -14763.0 -45311.0
vt -14763.0 -42751.0
vt -15075.0 -42751.0

usemtl metal/metalhull002a
f 249/731 251/732 252/733 250/734 
f 247/735 249/736 250/737 248/738 
f 251/739 249/740 247/741 
f 252/742 248/743 250/744 
f 251/745 247/746 248/747 252/748 


o 23

v 107.0 -1429.0 -10656.0
v 107.0 -3691.0 -11328.0
v 160.0 -3691.0 -10656.0
v 160.0 -1429.0 -11328.0
v 107.0 -1429.0 -11328.0
v 107.0 -3691.0 -10656.0
v 160.0 -3691.0 -11328.0
v 160.0 -1429.0 -10656.0

vt 14765.0 -45311.0
vt 5717.0 -45311.0
vt 5717.0 -42623.0
vt 14765.0 -42623.0
vt -427.0 -45311.0
vt -639.0 -45311.0
vt -639.0 -42623.0
vt -427.0 -42623.0
vt -639.0 -45311.0
vt -427.0 -45311.0
vt -427.0 -42623.0
vt -639.0 -42623.0
vt -639.0 -14763.0
vt -427.0 -14763.0
vt -427.0 -5715.0
vt -639.0 -5715.0
vt -427.0 -14763.0
vt -639.0 -14763.0
vt -639.0 -5715.0
vt -427.0 -5715.0
vt -5715.0 -45311.0
vt -14763.0 -45311.0
vt -14763.0 -42623.0
vt -5715.0 -42623.0

usemtl tools/toolsblack
f 259/749 256/750 260/751 255/752 
f 254/753 259/754 255/755 258/756 
f 256/757 257/758 253/759 260/760 
f 259/761 254/762 257/763 256/764 
f 258/765 255/766 260/767 253/768 
f 257/769 254/770 258/771 253/772 


o 24

v 107.0 -1429.0 -11328.0
v 107.0 -1429.0 -10688.0
v 185.0 -1429.0 -10688.0
v 185.002 -1429.0 -11328.0
v 107.0 -1351.0 -11328.0
v 107.0 -1351.0 -10688.0

vt 5405.0 -45311.0
vt 5717.0 -45311.0
vt 5717.0 -42751.0
vt 5405.0 -42751.0
vt -427.0 -45311.0
vt -739.008 -45311.0
vt -739.0 -42751.0
vt -427.0 -42751.0
vt 741.008 -5715.0
vt 429.0 -5715.0
vt 429.0 -5403.0
vt -427.0 -5715.0
vt -739.0 -5715.0
vt -427.0 -5403.0
vt 5717.0 -45311.0
vt 5405.0 -45311.0
vt 5405.0 -42751.0
vt 5717.0 -42751.0

usemtl metal/metalhull002a
f 265/773 261/774 262/775 266/776 
f 261/777 264/778 263/779 262/780 
f 264/781 261/782 265/783 
f 262/784 263/785 266/786 
f 264/787 265/788 266/789 263/790 


o 25

v 107.0 -1429.0 -10656.0
v -2155.0 -1376.0 -10656.0
v 107.0 -1376.0 -11328.0
v -2155.0 -1429.0 -11328.0
v 107.0 -1429.0 -11328.0
v -2155.0 -1376.0 -11328.0
v 107.0 -1376.0 -10656.0
v -2155.0 -1429.0 -10656.0

vt -427.0 -5715.0
vt 8621.0 -5715.0
vt 8621.0 -5503.0
vt -427.0 -5503.0
vt 8621.0 -5715.0
vt -427.0 -5715.0
vt -427.0 -5503.0
vt 8621.0 -5503.0
vt 5505.0 -45311.0
vt 5717.0 -45311.0
vt 5717.0 -42623.0
vt 5505.0 -42623.0
vt 5717.0 -45311.0
vt 5505.0 -45311.0
vt 5505.0 -42623.0
vt 5717.0 -42623.0
vt 8621.0 -45311.0
vt -427.0 -45311.0
vt -427.0 -42623.0
vt 8621.0 -42623.0
vt -427.0 -45311.0
vt 8621.0 -45311.0
vt 8621.0 -42623.0
vt -427.0 -42623.0

usemtl tools/toolsblack
f 271/791 270/792 272/793 269/794 
f 274/795 267/796 273/797 268/798 
f 272/799 270/800 274/801 268/802 
f 271/803 269/804 273/805 267/806 
f 270/807 271/808 267/809 274/810 
f 269/811 272/812 268/813 273/814 


o 26

v -2233.0 -1429.0 -11328.0
v -2233.0 -1429.0 -10688.0
v -2155.0 -1351.0 -11328.0
v -2155.0 -1351.0 -10688.0
v -2155.0 -1429.0 -11328.0
v -2155.0 -1429.0 -10688.0

vt 5717.0 -45311.0
vt 5405.0 -45311.0
vt 5405.0 -42751.0
vt 5717.0 -42751.0
vt 8933.0 -45311.0
vt 8621.0 -45311.0
vt 8621.0 -42751.0
vt 8933.0 -42751.0
vt -8619.0 -5715.0
vt -8931.0 -5715.0
vt -8619.0 -5403.0
vt 8933.0 -5715.0
vt 8621.0 -5715.0
vt 8621.0 -5403.0
vt 5405.0 -45311.0
vt 5717.0 -45311.0
vt 5717.0 -42751.0
vt 5405.0 -42751.0

usemtl metal/metalhull002a
f 279/815 277/816 278/817 280/818 
f 275/819 279/820 280/821 276/822 
f 279/823 275/824 277/825 
f 276/826 280/827 278/828 
f 277/829 275/830 276/831 278/832 


o 27

v 107.0 -3691.0 -11328.0
v -2155.0 -3744.0 -10656.0
v 107.0 -3744.0 -10656.0
v -2155.0 -3691.0 -10656.0
v 107.0 -3691.0 -10656.0
v -2155.0 -3744.0 -11328.0
v 107.0 -3744.0 -11328.0
v -2155.0 -3691.0 -11328.0

vt 14765.0 -45311.0
vt 14977.0 -45311.0
vt 14977.0 -42623.0
vt 14765.0 -42623.0
vt 14977.0 -45311.0
vt 14765.0 -45311.0
vt 14765.0 -42623.0
vt 14977.0 -42623.0
vt 8621.0 -45311.0
vt -427.0 -45311.0
vt -427.0 -42623.0
vt 8621.0 -42623.0
vt -427.0 -45311.0
vt 8621.0 -45311.0
vt 8621.0 -42623.0
vt -427.0 -42623.0
vt -427.0 -14975.0
vt 8621.0 -14975.0
vt 8621.0 -14763.0
vt -427.0 -14763.0
vt 8621.0 -14975.0
vt -427.0 -14975.0
vt -427.0 -14763.0
vt 8621.0 -14763.0

usemtl tools/toolsblack
f 288/833 286/834 282/835 284/836 
f 287/837 281/838 285/839 283/840 
f 286/841 287/842 283/843 282/844 
f 281/845 288/846 284/847 285/848 
f 287/849 286/850 288/851 281/852 
f 282/853 283/854 285/855 284/856 


o 28

v -2233.0 -3691.0 -11328.0
v -2233.0 -3691.0 -10688.0
v -2155.0 -3769.0 -11328.0
v -2155.0 -3769.0 -10688.0
v -2155.0 -3691.0 -11328.0
v -2155.0 -3691.0 -10688.0

vt 15077.0 -45311.0
vt 14765.0 -45311.0
vt 14765.0 -42751.0
vt 15077.0 -42751.0
vt -8619.0 -45311.0
vt -8931.0 -45311.0
vt -8931.0 -42751.0
vt -8619.0 -42751.0
vt -8619.0 -15075.0
vt -8931.0 -14763.0
vt -8619.0 -14763.0
vt 8621.0 -15075.0
vt 8621.0 -14763.0
vt 8933.0 -14763.0
vt -14763.0 -45311.0
vt -15075.0 -45311.0
vt -15075.0 -42751.0
vt -14763.0 -42751.0

usemtl metal/metalhull002a
f 291/857 293/858 294/859 292/860 
f 293/861 289/862 290/863 294/864 
f 291/865 289/866 293/867 
f 292/868 294/869 290/870 
f 289/871 291/872 292/873 290/874 


o 29

v -2208.0 -1429.0 -11328.0
v -2155.0 -1429.0 -11328.0
v -2208.0 -3691.0 -10656.0
v -2155.0 -3691.0 -10656.0
v -2208.0 -1429.0 -10656.0
v -2155.0 -1429.0 -10656.0
v -2208.0 -3691.0 -11328.0
v -2155.0 -3691.0 -11328.0

vt 5717.0 -45311.0
vt 14765.0 -45311.0
vt 14765.0 -42623.0
vt 5717.0 -42623.0
vt 14765.0 -45311.0
vt 5717.0 -45311.0
vt 5717.0 -42623.0
vt 14765.0 -42623.0
vt 8833.0 -45311.0
vt 8621.0 -45311.0
vt 8621.0 -42623.0
vt 8833.0 -42623.0
vt 8621.0 -45311.0
vt 8833.0 -45311.0
vt 8833.0 -42623.0
vt 8621.0 -42623.0
vt 8621.0 -14763.0
vt 8833.0 -14763.0
vt 8833.0 -5715.0
vt 8621.0 -5715.0
vt 8833.0 -14763.0
vt 8621.0 -14763.0
vt 8621.0 -5715.0
vt 8833.0 -5715.0

usemtl tools/toolsblack
f 295/875 301/876 297/877 299/878 
f 302/879 296/880 300/881 298/882 
f 301/883 302/884 298/885 297/886 
f 296/887 295/888 299/889 300/890 
f 302/891 301/892 295/893 296/894 
f 297/895 298/896 300/897 299/898 


o 30

v 185.0 -3691.0 -10688.0
v 185.0 -3691.0 -6016.0
v 192.0 -3691.0 -10688.0
v 192.0 -3691.0 -6016.0
v 185.0 -1429.0 -10688.0
v 185.0 -1429.0 -6016.0
v 192.0 -1429.0 -10688.0
v 192.0 -1429.0 -6016.0

vt 5717.0 -42751.0
vt 14765.0 -42751.0
vt 14765.0 -24063.0
vt 5717.0 -24063.0
vt 8203.222222222223 -42751.0
vt 3176.5555555555557 -42751.0
vt 3176.5555555555557 -24063.0
vt 8203.222222222223 -24063.0
vt -739.0 -42751.0
vt -767.0 -42751.0
vt -767.0 -24063.0
vt -739.0 -24063.0
vt -767.0 -42751.0
vt -739.0 -42751.0
vt -739.0 -24063.0
vt -767.0 -24063.0
vt 769.0 -14763.0
vt 741.0 -14763.0
vt 741.0 -5715.0
vt 769.0 -5715.0
vt -739.0 -14763.0
vt -767.0 -14763.0
vt -767.0 -5715.0
vt -739.0 -5715.0

usemtl metal/metalhull010b
f 307/899 303/900 304/901 308/902 
usemtl metal/metalwall102a
f 305/903 309/904 310/905 306/906 
usemtl metal/metalhull010b
f 303/907 305/908 306/909 304/910 
f 309/911 307/912 308/913 310/914 
usemtl tools/toolsblack
f 305/915 303/916 307/917 309/918 
usemtl metal/metalwall042a
f 304/919 306/920 310/921 308/922 


o 31

v 185.0 -3691.0 -6016.0
v 185.0 -3691.0 -5760.0
v 192.0 -3691.0 -6016.0
v 192.0 -3691.0 -5760.0
v 185.0 -1429.0 -6016.0
v 185.0 -1429.0 -5760.0
v 192.0 -1429.0 -6016.0
v 192.0 -1429.0 -5760.0

vt -767.0 -24063.0
vt -739.0 -24063.0
vt -739.0 -23039.0
vt -767.0 -23039.0
vt 769.0 -14763.0
vt 741.0 -14763.0
vt 741.0 -5715.0
vt 769.0 -5715.0
vt -739.0 -14763.0
vt -767.0 -14763.0
vt -767.0 -5715.0
vt -739.0 -5715.0
vt 3176.5555555555557 -24063.0
vt 8203.222222222223 -24063.0
vt 8203.222222222223 -23039.0
vt 3176.5555555555557 -23039.0
vt 14765.0 -24063.0
vt 5717.0 -24063.0
vt 5717.0 -23039.0
vt 14765.0 -23039.0
vt -739.0 -24063.0
vt -767.0 -24063.0
vt -767.0 -23039.0
vt -739.0 -23039.0

usemtl metal/metalhull010b
f 317/923 315/924 316/925 318/926 
usemtl metal/metalwall102a
f 313/927 311/928 315/929 317/930 
f 312/931 314/932 318/933 316/934 
f 315/935 311/936 312/937 316/938 
f 313/939 317/940 318/941 314/942 
usemtl metal/metalhull010b
f 311/943 313/944 314/945 312/946 


o 32

v 185.0 -3691.0 -5760.0
v 185.0 -3691.0 -576.0
v 192.0 -3691.0 -576.0
v 192.0 -3691.0 -5760.0
v 185.0 -1429.0 -576.0
v 185.0 -1429.0 -5760.0
v 192.0 -1429.0 -5760.0
v 192.0 -1429.0 -576.0

vt 5717.0 -23039.0
vt 14765.0 -23039.0
vt 14765.0 -2303.0
vt 5717.0 -2303.0
vt 8203.222222222223 -23039.0
vt 3176.5555555555557 -23039.0
vt 3176.5555555555557 -2303.0
vt 8203.222222222223 -2303.0
vt -739.0 -23039.0
vt -767.0 -23039.0
vt -767.0 -2303.0
vt -739.0 -2303.0
vt -767.0 -23039.0
vt -739.0 -23039.0
vt -739.0 -2303.0
vt -767.0 -2303.0
vt 769.0 -14763.0
vt 741.0 -14763.0
vt 741.0 -5715.0
vt 769.0 -5715.0
vt -739.0 -14763.0
vt -767.0 -14763.0
vt -767.0 -5715.0
vt -739.0 -5715.0

usemtl metal/metalhull010b
f 324/947 319/948 320/949 323/950 
usemtl metal/metalwall102a
f 322/951 325/952 326/953 321/954 
usemtl metal/metalhull010b
f 319/955 322/956 321/957 320/958 
f 325/959 324/960 323/961 326/962 
usemtl tools/toolsblack
f 322/963 319/964 324/965 325/966 
usemtl metal/metalwall042a
f 320/967 321/968 326/969 323/970 


o 33

v 185.0 -3691.0 -576.0
v 185.0 -3691.0 -320.0
v 192.0 -3691.0 -576.0
v 192.0 -3691.0 -320.0
v 185.0 -1429.0 -576.0
v 185.0 -1429.0 -320.0
v 192.0 -1429.0 -576.0
v 192.0 -1429.0 -320.0

vt 3176.5555555555557 -2303.0
vt 8203.222222222223 -2303.0
vt 8203.222222222223 -1279.0
vt 3176.5555555555557 -1279.0
vt 14765.0 -2303.0
vt 5717.0 -2303.0
vt 5717.0 -1279.0
vt 14765.0 -1279.0
vt -739.0 -2303.0
vt -767.0 -2303.0
vt -767.0 -1279.0
vt -739.0 -1279.0
vt -767.0 -2303.0
vt -739.0 -2303.0
vt -739.0 -1279.0
vt -767.0 -1279.0
vt 769.0 -14763.0
vt 741.0 -14763.0
vt 741.0 -5715.0
vt 769.0 -5715.0
vt -739.0 -14763.0
vt -767.0 -14763.0
vt -767.0 -5715.0
vt -739.0 -5715.0

usemtl metal/metalwall102a
f 331/971 327/972 328/973 332/974 
f 329/975 333/976 334/977 330/978 
usemtl metal/metalhull010b
f 327/979 329/980 330/981 328/982 
f 333/983 331/984 332/985 334/986 
usemtl metal/metalwall102a
f 329/987 327/988 331/989 333/990 
f 328/991 330/992 334/993 332/994 


o 34

v 185.0 -3691.0 -320.0
v 185.0 -3691.0 4544.0
v 192.0 -3691.0 -320.0
v 192.0 -3691.0 4544.0
v 185.0 -1429.0 -320.0
v 185.0 -1429.0 4544.0
v 192.0 -1429.0 -320.0
v 192.0 -1429.0 4544.0

vt 8203.222222222223 -1279.0
vt 3176.5555555555557 -1279.0
vt 3176.5555555555557 18177.0
vt 8203.222222222223 18177.0
vt -739.0 -1279.0
vt -767.0 -1279.0
vt -767.0 18177.0
vt -739.0 18177.0
vt -767.0 -1279.0
vt -739.0 -1279.0
vt -739.0 18177.0
vt -767.0 18177.0
vt 769.0 -14763.0
vt 741.0 -14763.0
vt 741.0 -5715.0
vt 769.0 -5715.0
vt -739.0 -14763.0
vt -767.0 -14763.0
vt -767.0 -5715.0
vt -739.0 -5715.0
vt 5717.0 -1279.0
vt 14765.0 -1279.0
vt 14765.0 18177.0
vt 5717.0 18177.0

usemtl metal/metalwall102a
f 337/995 341/996 342/997 338/998 
usemtl metal/metalhull010b
f 335/999 337/1000 338/1001 336/1002 
f 341/1003 339/1004 340/1005 342/1006 
usemtl tools/toolsblack
f 337/1007 335/1008 339/1009 341/1010 
usemtl metal/metalwall042a
f 336/1011 338/1012 342/1013 340/1014 
usemtl metal/metalhull010b
f 339/1015 335/1016 336/1017 340/1018 


o 35

v 185.0 -3691.0 4544.0
v 185.0 -3691.0 4928.0
v 192.0 -3691.0 4544.0
v 192.0 -3691.0 4928.0
v 185.0 -1429.0 4544.0
v 185.0 -1429.0 4928.0
v 192.0 -1429.0 4544.0
v 192.0 -1429.0 4928.0

vt -5715.0 18177.0
vt -14763.0 18177.0
vt -14763.0 19713.0
vt -5715.0 19713.0
vt -24605.666666666668 18177.0
vt -9525.666666666668 18177.0
vt -9525.666666666668 19713.0
vt -24605.666666666668 19713.0
vt -18175.0 -739.0
vt -18175.0 -767.0
vt -19711.0 -767.0
vt -19711.0 -739.0
vt -18175.0 -767.0
vt -18175.0 -739.0
vt -19711.0 -739.0
vt -19711.0 -767.0
vt -767.0 -14763.0
vt -739.0 -14763.0
vt -739.0 -5715.0
vt -767.0 -5715.0
vt -739.0 -14763.0
vt -767.0 -14763.0
vt -767.0 -5715.0
vt -739.0 -5715.0

usemtl concrete/concretefloor026a
f 347/1019 343/1020 344/1021 348/1022 
usemtl concrete/concretewall046d
f 345/1023 349/1024 350/1025 346/1026 
usemtl metal/metalhull010b
f 343/1027 345/1028 346/1029 344/1030 
f 349/1031 347/1032 348/1033 350/1034 
usemtl concrete/concretefloor026a
f 345/1035 343/1036 347/1037 349/1038 
f 344/1039 346/1040 350/1041 348/1042 


o 36

v 185.0 -3691.0 4992.0
v 185.0 -3691.0 4928.0
v 192.0 -3691.0 4992.0
v 192.0 -3691.0 4928.0
v 185.0 -1429.0 4992.0
v 185.0 -1429.0 4928.0
v 192.0 -1429.0 4992.0
v 192.0 -1429.0 4928.0

vt -739.0 -14763.0
vt -767.0 -14763.0
vt -767.0 -5715.0
vt -739.0 -5715.0
vt -5715.0 19713.0
vt -14763.0 19713.0
vt -14763.0 19969.0
vt -5715.0 19969.0
vt -24605.666666666668 19713.0
vt -9525.666666666668 19713.0
vt -9525.666666666668 19969.0
vt -24605.666666666668 19969.0
vt -739.0 19713.0
vt -767.0 19713.0
vt -767.0 19969.0
vt -739.0 19969.0
vt -767.0 19713.0
vt -739.0 19713.0
vt -739.0 19969.0
vt -767.0 19969.0
vt -767.0 -14763.0
vt -739.0 -14763.0
vt -739.0 -5715.0
vt -767.0 -5715.0

usemtl metal/metalroof005a
f 351/1043 353/1044 357/1045 355/1046 
usemtl concrete/concretefloor026a
f 356/1047 352/1048 351/1049 355/1050 
usemtl concrete/concretewall046c
f 354/1051 358/1052 357/1053 353/1054 
usemtl metal/metalhull010b
f 352/1055 354/1056 353/1057 351/1058 
f 358/1059 356/1060 355/1061 357/1062 
usemtl concrete/concretefloor026a
f 354/1063 352/1064 356/1065 358/1066 


o 37

v -2368.0 405.0 -10688.0
v -2368.0 405.0 -6016.0
v -2375.0 405.0 -10688.0
v -2375.0 405.0 -6016.0
v -2368.0 2667.0 -10688.0
v -2368.0 2667.0 -6016.0
v -2375.0 2667.0 -10688.0
v -2375.0 2667.0 -6016.0

vt -10667.0 -42751.0
vt -1619.0 -42751.0
vt -1619.0 -24063.0
vt -10667.0 -24063.0
vt -899.0 -42751.0
vt -5925.666666666667 -42751.0
vt -5925.666666666667 -24063.0
vt -899.0 -24063.0
vt 9501.0 -42751.0
vt 9473.0 -42751.0
vt 9473.0 -24063.0
vt 9501.0 -24063.0
vt 9473.0 -42751.0
vt 9501.0 -42751.0
vt 9501.0 -24063.0
vt 9473.0 -24063.0
vt -9471.0 1621.0
vt -9499.0 1621.0
vt -9499.0 10669.0
vt -9471.0 10669.0
vt 9501.0 1621.0
vt 9473.0 1621.0
vt 9473.0 10669.0
vt 9501.0 10669.0

usemtl metal/metalhull010b
f 365/1067 361/1068 362/1069 366/1070 
usemtl metal/metalwall102a
f 359/1071 363/1072 364/1073 360/1074 
usemtl metal/metalhull010b
f 361/1075 359/1076 360/1077 362/1078 
f 363/1079 365/1080 366/1081 364/1082 
usemtl tools/toolsblack
f 359/1083 361/1084 365/1085 363/1086 
usemtl metal/metalwall042a
f 362/1087 360/1088 364/1089 366/1090 


o 38

v -2155.0 -1344.0 -10688.0
v -2155.0 -1344.0 -6016.0
v 107.0 -1351.0 -10688.0
v 107.0 -1351.0 -6016.0
v -2155.0 -1351.0 -10688.0
v -2155.0 -1351.0 -6016.0
v 107.0 -1344.0 -10688.0
v 107.0 -1344.0 -6016.0

vt 5377.0 -42751.0
vt 5405.0 -42751.0
vt 5405.0 -24063.0
vt 5377.0 -24063.0
vt 5405.0 -42751.0
vt 5377.0 -42751.0
vt 5377.0 -24063.0
vt 5405.0 -24063.0
vt -8619.0 -42751.0
vt 429.0 -42751.0
vt 429.0 -24063.0
vt -8619.0 -24063.0
vt 238.77777777777777 -42751.0
vt -4787.888888888889 -42751.0
vt -4787.888888888889 -24063.0
vt 238.77777777777777 -24063.0
vt 5405.0 -427.0
vt 5405.0 8621.0
vt 5377.0 8621.0
vt 5377.0 -427.0
vt 8621.0 -5403.0
vt -427.0 -5403.0
vt -427.0 -5375.0
vt 8621.0 -5375.0

usemtl metal/metalhull010b
f 367/1091 371/1092 372/1093 368/1094 
f 369/1095 373/1096 374/1097 370/1098 
f 371/1099 369/1100 370/1101 372/1102 
usemtl metal/metalwall102a
f 373/1103 367/1104 368/1105 374/1106 
usemtl tools/toolsblack
f 369/1107 371/1108 367/1109 373/1110 
usemtl metal/metalwall042a
f 372/1111 370/1112 374/1113 368/1114 


o 39

v -2155.0 -1344.0 -6016.0
v -2155.0 -1344.0 -5760.0
v 107.0 -1351.0 -6016.0
v 107.0 -1351.0 -5760.0
v -2155.0 -1351.0 -6016.0
v -2155.0 -1351.0 -5760.0
v 107.0 -1344.0 -6016.0
v 107.0 -1344.0 -5760.0

vt 429.0 -24063.0
vt -8619.0 -24063.0
vt -8619.0 -23039.0
vt 429.0 -23039.0
vt 429.0 -5403.0
vt -8619.0 -5403.0
vt -8619.0 -5375.0
vt 429.0 -5375.0
vt 8621.0 -5403.0
vt -427.0 -5403.0
vt -427.0 -5375.0
vt 8621.0 -5375.0
vt 5377.0 -24063.0
vt 5405.0 -24063.0
vt 5405.0 -23039.0
vt 5377.0 -23039.0
vt 5405.0 -24063.0
vt 5377.0 -24063.0
vt 5377.0 -23039.0
vt 5405.0 -23039.0
vt 8621.0 -24063.0
vt -427.0 -24063.0
vt -427.0 -23039.0
vt 8621.0 -23039.0

usemtl metal/metalwall102a
f 381/1115 375/1116 376/1117 382/1118 
f 377/1119 379/1120 375/1121 381/1122 
f 380/1123 378/1124 382/1125 376/1126 
usemtl metal/metalhull010b
f 375/1127 379/1128 380/1129 376/1130 
f 377/1131 381/1132 382/1133 378/1134 
usemtl metal/metalwall102a
f 379/1135 377/1136 378/1137 380/1138 


o 40

v -2368.0 405.0 -6016.0
v -2368.0 405.0 -5760.0
v -2375.0 405.0 -6016.0
v -2375.0 405.0 -5760.0
v -2368.0 2667.0 -6016.0
v -2368.0 2667.0 -5760.0
v -2375.0 2667.0 -6016.0
v -2375.0 2667.0 -5760.0

vt -5925.666666666667 -24063.0
vt -899.0 -24063.0
vt -899.0 -23039.0
vt -5925.666666666667 -23039.0
vt -1619.0 -24063.0
vt -10667.0 -24063.0
vt -10667.0 -23039.0
vt -1619.0 -23039.0
vt 9501.0 -24063.0
vt 9473.0 -24063.0
vt 9473.0 -23039.0
vt 9501.0 -23039.0
vt 9473.0 -24063.0
vt 9501.0 -24063.0
vt 9501.0 -23039.0
vt 9473.0 -23039.0
vt -9471.0 1621.0
vt -9499.0 1621.0
vt -9499.0 10669.0
vt -9471.0 10669.0
vt 9501.0 1621.0
vt 9473.0 1621.0
vt 9473.0 10669.0
vt 9501.0 10669.0

usemtl metal/metalwall102a
f 389/1139 385/1140 386/1141 390/1142 
f 383/1143 387/1144 388/1145 384/1146 
usemtl metal/metalhull010b
f 385/1147 383/1148 384/1149 386/1150 
f 387/1151 389/1152 390/1153 388/1154 
usemtl metal/metalwall102a
f 383/1155 385/1156 389/1157 387/1158 
f 386/1159 384/1160 388/1161 390/1162 


o 41

v -2368.0 405.0 -5760.0
v -2368.0 405.0 -576.0
v -2375.0 405.0 -5760.0
v -2375.0 405.0 -576.0
v -2368.0 2667.0 -5760.0
v -2368.0 2667.0 -576.0
v -2375.0 2667.0 -5760.0
v -2375.0 2667.0 -576.0

vt -10667.0 -23039.0
vt -1619.0 -23039.0
vt -1619.0 -2303.0
vt -10667.0 -2303.0
vt -899.0 -23039.0
vt -5925.666666666667 -23039.0
vt -5925.666666666667 -2303.0
vt -899.0 -2303.0
vt 9501.0 -23039.0
vt 9473.0 -23039.0
vt 9473.0 -2303.0
vt 9501.0 -2303.0
vt 9473.0 -23039.0
vt 9501.0 -23039.0
vt 9501.0 -2303.0
vt 9473.0 -2303.0
vt -9471.0 1621.0
vt -9499.0 1621.0
vt -9499.0 10669.0
vt -9471.0 10669.0
vt 9501.0 1621.0
vt 9473.0 1621.0
vt 9473.0 10669.0
vt 9501.0 10669.0

usemtl metal/metalhull010b
f 397/1163 393/1164 394/1165 398/1166 
usemtl metal/metalwall102a
f 391/1167 395/1168 396/1169 392/1170 
usemtl metal/metalhull010b
f 393/1171 391/1172 392/1173 394/1174 
f 395/1175 397/1176 398/1177 396/1178 
usemtl tools/toolsblack
f 391/1179 393/1180 397/1181 395/1182 
usemtl metal/metalwall042a
f 394/1183 392/1184 396/1185 398/1186 


o 42

v -2155.0 -1344.0 -5760.0
v -2155.0 -1344.0 -576.0
v 107.0 -1351.0 -5760.0
v 107.0 -1351.0 -576.0
v -2155.0 -1351.0 -5760.0
v -2155.0 -1351.0 -576.0
v 107.0 -1344.0 -5760.0
v 107.0 -1344.0 -576.0

vt 5405.0 -23039.0
vt 5377.0 -23039.0
vt 5377.0 -2303.0
vt 5405.0 -2303.0
vt -8619.0 -23039.0
vt 429.0 -23039.0
vt 429.0 -2303.0
vt -8619.0 -2303.0
vt 238.77777777777777 -23039.0
vt -4787.888888888889 -23039.0
vt -4787.888888888889 -2303.0
vt 238.77777777777777 -2303.0
vt 5405.0 -427.0
vt 5405.0 8621.0
vt 5377.0 8621.0
vt 5377.0 -427.0
vt 8621.0 -5403.0
vt -427.0 -5403.0
vt -427.0 -5375.0
vt 8621.0 -5375.0
vt 5377.0 -23039.0
vt 5405.0 -23039.0
vt 5405.0 -2303.0
vt 5377.0 -2303.0

usemtl metal/metalhull010b
f 401/1187 405/1188 406/1189 402/1190 
f 403/1191 401/1192 402/1193 404/1194 
usemtl metal/metalwall102a
f 405/1195 399/1196 400/1197 406/1198 
usemtl tools/toolsblack
f 401/1199 403/1200 399/1201 405/1202 
usemtl metal/metalwall042a
f 404/1203 402/1204 406/1205 400/1206 
usemtl metal/metalhull010b
f 399/1207 403/1208 404/1209 400/1210 


o 43

v -2155.0 -1344.0 -320.0
v -2155.0 -1344.0 3584.0
v 107.0 -1351.0 -320.0
v 107.0 -1351.0 3584.0
v -2155.0 -1351.0 -320.0
v -2155.0 -1351.0 3584.0
v 107.0 -1344.0 -320.0
v 107.0 -1344.0 3584.0

vt 5377.0 -1279.0
vt 5405.0 -1279.0
vt 5405.0 14337.0
vt 5377.0 14337.0
vt 5405.0 -1279.0
vt 5377.0 -1279.0
vt 5377.0 14337.0
vt 5405.0 14337.0
vt -8619.0 -1279.0
vt 429.0 -1279.0
vt 429.0 14337.0
vt -8619.0 14337.0
vt 238.77777777777777 -1279.0
vt -4787.888888888889 -1279.0
vt -4787.888888888889 14337.0
vt 238.77777777777777 14337.0
vt 5405.0 -427.0
vt 5405.0 8621.0
vt 5377.0 8621.0
vt 5377.0 -427.0
vt 8621.0 -5403.0
vt -427.0 -5403.0
vt -427.0 -5375.0
vt 8621.0 -5375.0

usemtl metal/metalhull010b
f 407/1211 411/1212 412/1213 408/1214 
f 409/1215 413/1216 414/1217 410/1218 
f 411/1219 409/1220 410/1221 412/1222 
usemtl metal/metalwall102a
f 413/1223 407/1224 408/1225 414/1226 
usemtl tools/toolsblack
f 409/1227 411/1228 407/1229 413/1230 
usemtl metal/metalwall042a
f 412/1231 410/1232 414/1233 408/1234 


o 44

v -2155.0 -1344.0 -320.0
v -2155.0 -1344.0 -576.0
v 107.0 -1351.0 -320.0
v 107.0 -1351.0 -576.0
v -2155.0 -1351.0 -320.0
v -2155.0 -1351.0 -576.0
v 107.0 -1344.0 -320.0
v 107.0 -1344.0 -576.0

vt 8621.0 -5403.0
vt -427.0 -5403.0
vt -427.0 -5375.0
vt 8621.0 -5375.0
vt 5377.0 -2303.0
vt 5405.0 -2303.0
vt 5405.0 -1279.0
vt 5377.0 -1279.0
vt 5405.0 -2303.0
vt 5377.0 -2303.0
vt 5377.0 -1279.0
vt 5405.0 -1279.0
vt 8621.0 -2303.0
vt -427.0 -2303.0
vt -427.0 -1279.0
vt 8621.0 -1279.0
vt 429.0 -2303.0
vt -8619.0 -2303.0
vt -8619.0 -1279.0
vt 429.0 -1279.0
vt 429.0 -5403.0
vt -8619.0 -5403.0
vt -8619.0 -5375.0
vt 429.0 -5375.0

usemtl metal/metalwall102a
f 419/1235 417/1236 421/1237 415/1238 
usemtl metal/metalhull010b
f 416/1239 420/1240 419/1241 415/1242 
f 418/1243 422/1244 421/1245 417/1246 
usemtl metal/metalwall102a
f 420/1247 418/1248 417/1249 419/1250 
f 422/1251 416/1252 415/1253 421/1254 
f 418/1255 420/1256 416/1257 422/1258 


o 45

v -2368.0 405.0 -320.0
v -2368.0 405.0 3584.0
v -2375.0 405.0 -320.0
v -2375.0 405.0 3584.0
v -2368.0 2667.0 -320.0
v -2368.0 2667.0 3584.0
v -2375.0 2667.0 -320.0
v -2375.0 2667.0 3584.0

vt -10667.0 -1279.0
vt -1619.0 -1279.0
vt -1619.0 14337.0
vt -10667.0 14337.0
vt -899.0 -1279.0
vt -5925.666666666667 -1279.0
vt -5925.666666666667 14337.0
vt -899.0 14337.0
vt 9501.0 -1279.0
vt 9473.0 -1279.0
vt 9473.0 14337.0
vt 9501.0 14337.0
vt 9473.0 -1279.0
vt 9501.0 -1279.0
vt 9501.0 14337.0
vt 9473.0 14337.0
vt -9471.0 1621.0
vt -9499.0 1621.0
vt -9499.0 10669.0
vt -9471.0 10669.0
vt 9501.0 1621.0
vt 9473.0 1621.0
vt 9473.0 10669.0
vt 9501.0 10669.0

usemtl metal/metalhull010b
f 429/1259 425/1260 426/1261 430/1262 
usemtl metal/metalwall102a
f 423/1263 427/1264 428/1265 424/1266 
usemtl metal/metalhull010b
f 425/1267 423/1268 424/1269 426/1270 
f 427/1271 429/1272 430/1273 428/1274 
usemtl tools/toolsblack
f 423/1275 425/1276 429/1277 427/1278 
usemtl metal/metalwall042a
f 426/1279 424/1280 428/1281 430/1282 


o 46

v -2368.0 405.0 -576.0
v -2368.0 405.0 -320.0
v -2375.0 405.0 -576.0
v -2375.0 405.0 -320.0
v -2368.0 2667.0 -576.0
v -2368.0 2667.0 -320.0
v -2375.0 2667.0 -576.0
v -2375.0 2667.0 -320.0

vt -5925.666666666667 -2303.0
vt -899.0 -2303.0
vt -899.0 -1279.0
vt -5925.666666666667 -1279.0
vt -1619.0 -2303.0
vt -10667.0 -2303.0
vt -10667.0 -1279.0
vt -1619.0 -1279.0
vt 9501.0 -2303.0
vt 9473.0 -2303.0
vt 9473.0 -1279.0
vt 9501.0 -1279.0
vt 9473.0 -2303.0
vt 9501.0 -2303.0
vt 9501.0 -1279.0
vt 9473.0 -1279.0
vt -9471.0 1621.0
vt -9499.0 1621.0
vt -9499.0 10669.0
vt -9471.0 10669.0
vt 9501.0 1621.0
vt 9473.0 1621.0
vt 9473.0 10669.0
vt 9501.0 10669.0

usemtl metal/metalwall102a
f 437/1283 433/1284 434/1285 438/1286 
f 431/1287 435/1288 436/1289 432/1290 
usemtl metal/metalhull010b
f 433/1291 431/1292 432/1293 434/1294 
f 435/1295 437/1296 438/1297 436/1298 
usemtl metal/metalwall102a
f 431/1299 433/1300 437/1301 435/1302 
f 434/1303 432/1304 436/1305 438/1306 


o 47

v -2155.0 -1344.0 4544.0
v -2155.0 -1344.0 4928.0
v 107.0 -1351.0 4544.0
v 107.0 -1351.0 4928.0
v -2155.0 -1351.0 4544.0
v -2155.0 -1351.0 4928.0
v 107.0 -1344.0 4544.0
v 107.0 -1344.0 4928.0

vt -712.3333333333334 18177.0
vt 14367.666666666668 18177.0
vt 14367.666666666668 19713.0
vt -712.3333333333334 19713.0
vt -427.0 -5403.0
vt 8621.0 -5403.0
vt 8621.0 -5375.0
vt -427.0 -5375.0
vt 8621.0 -5403.0
vt -427.0 -5403.0
vt -427.0 -5375.0
vt 8621.0 -5375.0
vt -18175.0 5377.0
vt -18175.0 5405.0
vt -19711.0 5405.0
vt -19711.0 5377.0
vt -18175.0 5405.0
vt -18175.0 5377.0
vt -19711.0 5377.0
vt -19711.0 5405.0
vt 8621.0 18177.0
vt -427.0 18177.0
vt -427.0 19713.0
vt 8621.0 19713.0

usemtl concrete/concretewall046d
f 445/1307 439/1308 440/1309 446/1310 
usemtl concrete/concretefloor026a
f 441/1311 443/1312 439/1313 445/1314 
f 444/1315 442/1316 446/1317 440/1318 
usemtl metal/metalhull010b
f 439/1319 443/1320 444/1321 440/1322 
f 441/1323 445/1324 446/1325 442/1326 
usemtl concrete/concretefloor026a
f 443/1327 441/1328 442/1329 444/1330 


o 48

v -2155.0 -1344.0 4928.0
v -2155.0 -1344.0 4992.0
v 107.0 -1351.0 4928.0
v 107.0 -1351.0 4992.0
v -2155.0 -1351.0 4928.0
v -2155.0 -1351.0 4992.0
v 107.0 -1344.0 4928.0
v 107.0 -1344.0 4992.0

vt 5377.0 19713.0
vt 5405.0 19713.0
vt 5405.0 19969.0
vt 5377.0 19969.0
vt 5405.0 19713.0
vt 5377.0 19713.0
vt 5377.0 19969.0
vt 5405.0 19969.0
vt 8621.0 19713.0
vt -427.0 19713.0
vt -427.0 19969.0
vt 8621.0 19969.0
vt -712.3333333333334 19713.0
vt 14367.666666666668 19713.0
vt 14367.666666666668 19969.0
vt -712.3333333333334 19969.0
vt -427.0 -5403.0
vt 8621.0 -5403.0
vt 8621.0 -5375.0
vt -427.0 -5375.0
vt 5405.0 8621.0
vt 5405.0 -427.0
vt 5377.0 -427.0
vt 5377.0 8621.0

usemtl metal/metalhull010b
f 447/1331 451/1332 452/1333 448/1334 
f 449/1335 453/1336 454/1337 450/1338 
usemtl concrete/concretefloor026a
f 451/1339 449/1340 450/1341 452/1342 
usemtl concrete/concretewall046c
f 453/1343 447/1344 448/1345 454/1346 
usemtl concrete/concretefloor026a
f 449/1347 451/1348 447/1349 453/1350 
usemtl metal/metalroof005a
f 452/1351 450/1352 454/1353 448/1354 


o 49

v -2368.0 405.0 4928.0
v -2368.0 405.0 4992.0
v -2375.0 405.0 4928.0
v -2375.0 405.0 4992.0
v -2368.0 2667.0 4928.0
v -2368.0 2667.0 4992.0
v -2375.0 2667.0 4928.0
v -2375.0 2667.0 4992.0

vt 10669.0 19713.0
vt 1621.0 19713.0
vt 1621.0 19969.0
vt 10669.0 19969.0
vt 2701.0 19713.0
vt 17781.0 19713.0
vt 17781.0 19969.0
vt 2701.0 19969.0
vt 9501.0 19713.0
vt 9473.0 19713.0
vt 9473.0 19969.0
vt 9501.0 19969.0
vt 9473.0 19713.0
vt 9501.0 19713.0
vt 9501.0 19969.0
vt 9473.0 19969.0
vt 9473.0 1621.0
vt 9501.0 1621.0
vt 9501.0 10669.0
vt 9473.0 10669.0
vt 9501.0 1621.0
vt 9473.0 1621.0
vt 9473.0 10669.0
vt 9501.0 10669.0

usemtl concrete/concretefloor026a
f 461/1355 457/1356 458/1357 462/1358 
usemtl concrete/concretewall046c
f 455/1359 459/1360 460/1361 456/1362 
usemtl metal/metalhull010b
f 457/1363 455/1364 456/1365 458/1366 
f 459/1367 461/1368 462/1369 460/1370 
usemtl concrete/concretefloor026a
f 455/1371 457/1372 461/1373 459/1374 
usemtl metal/metalroof005a
f 458/1375 456/1376 460/1377 462/1378 


o 50

v -2368.0 405.0 4544.0
v -2368.0 405.0 4928.0
v -2375.0 405.0 4544.0
v -2375.0 405.0 4928.0
v -2368.0 2667.0 4544.0
v -2368.0 2667.0 4928.0
v -2375.0 2667.0 4544.0
v -2375.0 2667.0 4928.0

vt 2701.0 18177.0
vt 17781.0 18177.0
vt 17781.0 19713.0
vt 2701.0 19713.0
vt -18175.0 9501.0
vt -18175.0 9473.0
vt -19711.0 9473.0
vt -19711.0 9501.0
vt -18175.0 9473.0
vt -18175.0 9501.0
vt -19711.0 9501.0
vt -19711.0 9473.0
vt 9473.0 1621.0
vt 9501.0 1621.0
vt 9501.0 10669.0
vt 9473.0 10669.0
vt 9501.0 1621.0
vt 9473.0 1621.0
vt 9473.0 10669.0
vt 9501.0 10669.0
vt 10669.0 18177.0
vt 1621.0 18177.0
vt 1621.0 19713.0
vt 10669.0 19713.0

usemtl concrete/concretewall046d
f 463/1379 467/1380 468/1381 464/1382 
usemtl metal/metalhull010b
f 465/1383 463/1384 464/1385 466/1386 
f 467/1387 469/1388 470/1389 468/1390 
usemtl concrete/concretefloor026a
f 463/1391 465/1392 469/1393 467/1394 
f 466/1395 464/1396 468/1397 470/1398 
f 469/1399 465/1400 466/1401 470/1402 


o 51

v -4715.0 2745.0 -6016.0
v -4715.0 2745.0 -10688.0
v -2453.0 2745.0 -10688.0
v -2453.0 2745.0 -6016.0
v -4715.0 2752.0 -6016.0
v -4715.0 2752.0 -10688.0
v -2453.0 2752.0 -10688.0
v -2453.0 2752.0 -6016.0

vt -11007.0 -42751.0
vt -10979.0 -42751.0
vt -10979.0 -24063.0
vt -11007.0 -24063.0
vt -10979.0 -42751.0
vt -11007.0 -42751.0
vt -11007.0 -24063.0
vt -10979.0 -24063.0
vt -18859.0 -42751.0
vt -9811.0 -42751.0
vt -9811.0 -24063.0
vt -18859.0 -24063.0
vt -5450.111111111111 -42751.0
vt -10476.777777777777 -42751.0
vt -10476.777777777777 -24063.0
vt -5450.111111111111 -24063.0
vt -10979.0 9813.0
vt -10979.0 18861.0
vt -11007.0 18861.0
vt -11007.0 9813.0
vt -10979.0 18861.0
vt -10979.0 9813.0
vt -11007.0 9813.0
vt -11007.0 18861.0

usemtl metal/metalhull010b
f 476/1403 472/1404 471/1405 475/1406 
f 473/1407 477/1408 478/1409 474/1410 
f 472/1411 473/1412 474/1413 471/1414 
usemtl metal/metalwall102a
f 477/1415 476/1416 475/1417 478/1418 
usemtl tools/toolsblack
f 473/1419 472/1420 476/1421 477/1422 
usemtl metal/metalroof005a
f 471/1423 474/1424 478/1425 475/1426 


o 52

v -4715.0 2745.0 -5760.0
v -4715.0 2745.0 -6016.0
v -2453.0 2745.0 -5760.0
v -2453.0 2745.0 -6016.0
v -4715.0 2752.0 -5760.0
v -4715.0 2752.0 -6016.0
v -2453.0 2752.0 -5760.0
v -2453.0 2752.0 -6016.0

vt 18861.0 10981.0
vt 9813.0 10981.0
vt 9813.0 11009.0
vt 18861.0 11009.0
vt -11007.0 -24063.0
vt -10979.0 -24063.0
vt -10979.0 -23039.0
vt -11007.0 -23039.0
vt -10979.0 -24063.0
vt -11007.0 -24063.0
vt -11007.0 -23039.0
vt -10979.0 -23039.0
vt 18861.0 -24063.0
vt 9813.0 -24063.0
vt 9813.0 -23039.0
vt 18861.0 -23039.0
vt -9811.0 -24063.0
vt -18859.0 -24063.0
vt -18859.0 -23039.0
vt -9811.0 -23039.0
vt -9811.0 10981.0
vt -18859.0 10981.0
vt -18859.0 11009.0
vt -9811.0 11009.0

usemtl metal/metalwall102a
f 479/1427 481/1428 485/1429 483/1430 
usemtl metal/metalhull010b
f 484/1431 480/1432 479/1433 483/1434 
f 482/1435 486/1436 485/1437 481/1438 
usemtl metal/metalwall102a
f 480/1439 482/1440 481/1441 479/1442 
f 486/1443 484/1444 483/1445 485/1446 
f 482/1447 480/1448 484/1449 486/1450 


o 53

v -4715.0 2745.0 -5760.0
v -4715.0 2745.0 -576.0
v -2453.0 2745.0 -5760.0
v -2453.0 2745.0 -576.0
v -4715.0 2752.0 -5760.0
v -4715.0 2752.0 -576.0
v -2453.0 2752.0 -5760.0
v -2453.0 2752.0 -576.0

vt -11007.0 -23039.0
vt -10979.0 -23039.0
vt -10979.0 -2303.0
vt -11007.0 -2303.0
vt -10979.0 -23039.0
vt -11007.0 -23039.0
vt -11007.0 -2303.0
vt -10979.0 -2303.0
vt -18859.0 -23039.0
vt -9811.0 -23039.0
vt -9811.0 -2303.0
vt -18859.0 -2303.0
vt -5450.111111111111 -23039.0
vt -10476.777777777777 -23039.0
vt -10476.777777777777 -2303.0
vt -5450.111111111111 -2303.0
vt -10979.0 9813.0
vt -10979.0 18861.0
vt -11007.0 18861.0
vt -11007.0 9813.0
vt -10979.0 18861.0
vt -10979.0 9813.0
vt -11007.0 9813.0
vt -11007.0 18861.0

usemtl metal/metalhull010b
f 491/1451 487/1452 488/1453 492/1454 
f 489/1455 493/1456 494/1457 490/1458 
f 487/1459 489/1460 490/1461 488/1462 
usemtl metal/metalwall102a
f 493/1463 491/1464 492/1465 494/1466 
usemtl tools/toolsblack
f 489/1467 487/1468 491/1469 493/1470 
usemtl metal/metalroof005a
f 488/1471 490/1472 494/1473 492/1474 


o 54

v -4715.0 2745.0 -576.0
v -4715.0 2745.0 -320.0
v -2453.0 2745.0 -576.0
v -2453.0 2745.0 -320.0
v -4715.0 2752.0 -576.0
v -4715.0 2752.0 -320.0
v -2453.0 2752.0 -576.0
v -2453.0 2752.0 -320.0

vt -11007.0 -2303.0
vt -10979.0 -2303.0
vt -10979.0 -1279.0
vt -11007.0 -1279.0
vt -10979.0 -2303.0
vt -11007.0 -2303.0
vt -11007.0 -1279.0
vt -10979.0 -1279.0
vt 18861.0 -2303.0
vt 9813.0 -2303.0
vt 9813.0 -1279.0
vt 18861.0 -1279.0
vt -9811.0 -2303.0
vt -18859.0 -2303.0
vt -18859.0 -1279.0
vt -9811.0 -1279.0
vt -9811.0 10981.0
vt -18859.0 10981.0
vt -18859.0 11009.0
vt -9811.0 11009.0
vt 18861.0 10981.0
vt 9813.0 10981.0
vt 9813.0 11009.0
vt 18861.0 11009.0

usemtl metal/metalhull010b
f 499/1475 495/1476 496/1477 500/1478 
f 497/1479 501/1480 502/1481 498/1482 
usemtl metal/metalwall102a
f 495/1483 497/1484 498/1485 496/1486 
f 501/1487 499/1488 500/1489 502/1490 
f 497/1491 495/1492 499/1493 501/1494 
f 496/1495 498/1496 502/1497 500/1498 


o 55

v -4715.0 2745.0 4544.0
v -4715.0 2745.0 4928.0
v -2453.0 2745.0 4544.0
v -2453.0 2745.0 4928.0
v -4715.0 2752.0 4544.0
v -4715.0 2752.0 4928.0
v -2453.0 2752.0 4544.0
v -2453.0 2752.0 4928.0

vt -18175.0 -11007.0
vt -18175.0 -10979.0
vt -19711.0 -10979.0
vt -19711.0 -11007.0
vt -18175.0 -10979.0
vt -18175.0 -11007.0
vt -19711.0 -11007.0
vt -19711.0 -10979.0
vt 18861.0 18177.0
vt 9813.0 18177.0
vt 9813.0 19713.0
vt 18861.0 19713.0
vt 16354.333333333334 18177.0
vt 31434.333333333336 18177.0
vt 31434.333333333336 19713.0
vt 16354.333333333334 19713.0
vt 9813.0 10981.0
vt 18861.0 10981.0
vt 18861.0 11009.0
vt 9813.0 11009.0
vt 18861.0 10981.0
vt 9813.0 10981.0
vt 9813.0 11009.0
vt 18861.0 11009.0

usemtl metal/metalhull010b
f 507/1499 503/1500 504/1501 508/1502 
f 505/1503 509/1504 510/1505 506/1506 
usemtl concrete/concretefloor026a
f 503/1507 505/1508 506/1509 504/1510 
usemtl concrete/concretewall046d
f 509/1511 507/1512 508/1513 510/1514 
usemtl concrete/concretefloor026a
f 505/1515 503/1516 507/1517 509/1518 
f 504/1519 506/1520 510/1521 508/1522 


o 56

v -4715.0 2745.0 4928.0
v -4715.0 2745.0 4992.0
v -2453.0 2745.0 4928.0
v -2453.0 2745.0 4992.0
v -4715.0 2752.0 4928.0
v -4715.0 2752.0 4992.0
v -2453.0 2752.0 4928.0
v -2453.0 2752.0 4992.0

vt -11007.0 19713.0
vt -10979.0 19713.0
vt -10979.0 19969.0
vt -11007.0 19969.0
vt -10979.0 19713.0
vt -11007.0 19713.0
vt -11007.0 19969.0
vt -10979.0 19969.0
vt 18861.0 19713.0
vt 9813.0 19713.0
vt 9813.0 19969.0
vt 18861.0 19969.0
vt 16354.333333333334 19713.0
vt 31434.333333333336 19713.0
vt 31434.333333333336 19969.0
vt 16354.333333333334 19969.0
vt 9813.0 10981.0
vt 18861.0 10981.0
vt 18861.0 11009.0
vt 9813.0 11009.0
vt -10979.0 18861.0
vt -10979.0 9813.0
vt -11007.0 9813.0
vt -11007.0 18861.0

usemtl metal/metalhull010b
f 515/1523 511/1524 512/1525 516/1526 
f 513/1527 517/1528 518/1529 514/1530 
usemtl concrete/concretefloor026a
f 511/1531 513/1532 514/1533 512/1534 
usemtl concrete/concretewall046c
f 517/1535 515/1536 516/1537 518/1538 
usemtl concrete/concretefloor026a
f 513/1539 511/1540 515/1541 517/1542 
usemtl metal/metalroof005a
f 512/1543 514/1544 518/1545 516/1546 


o 57

v -4793.0 2667.0 4928.0
v -4793.0 2667.0 4992.0
v -4800.0 2667.0 4928.0
v -4800.0 2667.0 4992.0
v -4793.0 405.0 4928.0
v -4793.0 405.0 4992.0
v -4800.0 405.0 4928.0
v -4800.0 405.0 4992.0

vt -1619.0 19713.0
vt -10667.0 19713.0
vt -10667.0 19969.0
vt -1619.0 19969.0
vt -19199.0 19713.0
vt -19171.0 19713.0
vt -19171.0 19969.0
vt -19199.0 19969.0
vt -19171.0 19713.0
vt -19199.0 19713.0
vt -19199.0 19969.0
vt -19171.0 19969.0
vt 19173.0 1621.0
vt 19201.0 1621.0
vt 19201.0 10669.0
vt 19173.0 10669.0
vt -19199.0 -1619.0
vt -19171.0 -1619.0
vt -19171.0 -10667.0
vt -19199.0 -10667.0
vt -17779.0 19713.0
vt -2699.0 19713.0
vt -2699.0 19969.0
vt -17779.0 19969.0

usemtl concrete/concretefloor026a
f 523/1547 519/1548 520/1549 524/1550 
usemtl metal/metalhull010b
f 525/1551 523/1552 524/1553 526/1554 
f 519/1555 521/1556 522/1557 520/1558 
usemtl concrete/concretefloor026a
f 523/1559 525/1560 521/1561 519/1562 
usemtl metal/metalroof005a
f 526/1563 524/1564 520/1565 522/1566 
usemtl concrete/concretewall046c
f 521/1567 525/1568 526/1569 522/1570 


o 58

v -4793.0 2667.0 4544.0
v -4793.0 2667.0 4928.0
v -4800.0 2667.0 4544.0
v -4800.0 2667.0 4928.0
v -4793.0 405.0 4544.0
v -4793.0 405.0 4928.0
v -4800.0 405.0 4544.0
v -4800.0 405.0 4928.0

vt -17779.0 18177.0
vt -2699.0 18177.0
vt -2699.0 19713.0
vt -17779.0 19713.0
vt -1619.0 18177.0
vt -10667.0 18177.0
vt -10667.0 19713.0
vt -1619.0 19713.0
vt -18175.0 -19199.0
vt -18175.0 -19171.0
vt -19711.0 -19171.0
vt -19711.0 -19199.0
vt -18175.0 -19171.0
vt -18175.0 -19199.0
vt -19711.0 -19199.0
vt -19711.0 -19171.0
vt 19173.0 1621.0
vt 19201.0 1621.0
vt 19201.0 10669.0
vt 19173.0 10669.0
vt 19201.0 1621.0
vt 19173.0 1621.0
vt 19173.0 10669.0
vt 19201.0 10669.0

usemtl concrete/concretewall046d
f 529/1571 533/1572 534/1573 530/1574 
usemtl concrete/concretefloor026a
f 531/1575 527/1576 528/1577 532/1578 
usemtl metal/metalhull010b
f 533/1579 531/1580 532/1581 534/1582 
f 527/1583 529/1584 530/1585 528/1586 
usemtl concrete/concretefloor026a
f 531/1587 533/1588 529/1589 527/1590 
f 534/1591 532/1592 528/1593 530/1594 


o 59

v -4793.0 2667.0 -320.0
v -4793.0 2667.0 4544.0
v -4800.0 2667.0 4544.0
v -4800.0 2667.0 -320.0
v -4793.0 405.0 4544.0
v -4793.0 405.0 -320.0
v -4800.0 405.0 4544.0
v -4800.0 405.0 -320.0

vt 19201.0 1621.0
vt 19173.0 1621.0
vt 19173.0 10669.0
vt 19201.0 10669.0
vt 5927.666666666667 -1279.0
vt 901.0 -1279.0
vt 901.0 18177.0
vt 5927.666666666667 18177.0
vt 1621.0 -1279.0
vt 10669.0 -1279.0
vt 10669.0 18177.0
vt 1621.0 18177.0
vt -19199.0 -1279.0
vt -19171.0 -1279.0
vt -19171.0 18177.0
vt -19199.0 18177.0
vt -19171.0 -1279.0
vt -19199.0 -1279.0
vt -19199.0 18177.0
vt -19171.0 18177.0
vt -19171.0 1621.0
vt -19199.0 1621.0
vt -19199.0 10669.0
vt -19171.0 10669.0

usemtl metal/metalwall042a
f 541/1595 539/1596 536/1597 537/1598 
usemtl metal/metalwall102a
f 538/1599 542/1600 541/1601 537/1602 
usemtl metal/metalhull010b
f 540/1603 535/1604 536/1605 539/1606 
f 542/1607 540/1608 539/1609 541/1610 
f 535/1611 538/1612 537/1613 536/1614 
usemtl tools/toolsblack
f 540/1615 542/1616 538/1617 535/1618 


o 60

v -4793.0 2667.0 -576.0
v -4793.0 2667.0 -320.0
v -4800.0 2667.0 -576.0
v -4800.0 2667.0 -320.0
v -4793.0 405.0 -576.0
v -4793.0 405.0 -320.0
v -4800.0 405.0 -576.0
v -4800.0 405.0 -320.0

vt 10669.0 -2303.0
vt 1621.0 -2303.0
vt 1621.0 -1279.0
vt 10669.0 -1279.0
vt -899.0 -2303.0
vt -5925.666666666667 -2303.0
vt -5925.666666666667 -1279.0
vt -899.0 -1279.0
vt -19199.0 -2303.0
vt -19171.0 -2303.0
vt -19171.0 -1279.0
vt -19199.0 -1279.0
vt -19171.0 -2303.0
vt -19199.0 -2303.0
vt -19199.0 -1279.0
vt -19171.0 -1279.0
vt -19171.0 1621.0
vt -19199.0 1621.0
vt -19199.0 10669.0
vt -19171.0 10669.0
vt 19201.0 1621.0
vt 19173.0 1621.0
vt 19173.0 10669.0
vt 19201.0 10669.0

usemtl metal/metalwall102a
f 545/1619 549/1620 550/1621 546/1622 
f 547/1623 543/1624 544/1625 548/1626 
usemtl metal/metalhull010b
f 549/1627 547/1628 548/1629 550/1630 
f 543/1631 545/1632 546/1633 544/1634 
usemtl metal/metalwall102a
f 547/1635 549/1636 545/1637 543/1638 
f 550/1639 548/1640 544/1641 546/1642 


o 61

v -4793.0 2667.0 -5760.0
v -4793.0 2667.0 -576.0
v -4800.0 2667.0 -5760.0
v -4800.0 2667.0 -576.0
v -4793.0 405.0 -5760.0
v -4793.0 405.0 -576.0
v -4800.0 405.0 -5760.0
v -4800.0 405.0 -576.0

vt 5927.666666666667 -23039.0
vt 901.0 -23039.0
vt 901.0 -2303.0
vt 5927.666666666667 -2303.0
vt 1621.0 -23039.0
vt 10669.0 -23039.0
vt 10669.0 -2303.0
vt 1621.0 -2303.0
vt -19199.0 -23039.0
vt -19171.0 -23039.0
vt -19171.0 -2303.0
vt -19199.0 -2303.0
vt -19171.0 -23039.0
vt -19199.0 -23039.0
vt -19199.0 -2303.0
vt -19171.0 -2303.0
vt -19171.0 1621.0
vt -19199.0 1621.0
vt -19199.0 10669.0
vt -19171.0 10669.0
vt 19201.0 1621.0
vt 19173.0 1621.0
vt 19173.0 10669.0
vt 19201.0 10669.0

usemtl metal/metalwall102a
f 553/1643 557/1644 558/1645 554/1646 
usemtl metal/metalhull010b
f 555/1647 551/1648 552/1649 556/1650 
f 557/1651 555/1652 556/1653 558/1654 
f 551/1655 553/1656 554/1657 552/1658 
usemtl tools/toolsblack
f 555/1659 557/1660 553/1661 551/1662 
usemtl metal/metalwall042a
f 558/1663 556/1664 552/1665 554/1666 


o 62

v -4793.0 2667.0 -6016.0
v -4793.0 2667.0 -5760.0
v -4800.0 2667.0 -6016.0
v -4800.0 2667.0 -5760.0
v -4793.0 405.0 -6016.0
v -4793.0 405.0 -5760.0
v -4800.0 405.0 -6016.0
v -4800.0 405.0 -5760.0

vt -19171.0 -24063.0
vt -19199.0 -24063.0
vt -19199.0 -23039.0
vt -19171.0 -23039.0
vt -19171.0 1621.0
vt -19199.0 1621.0
vt -19199.0 10669.0
vt -19171.0 10669.0
vt 19201.0 1621.0
vt 19173.0 1621.0
vt 19173.0 10669.0
vt 19201.0 10669.0
vt 10669.0 -24063.0
vt 1621.0 -24063.0
vt 1621.0 -23039.0
vt 10669.0 -23039.0
vt -899.0 -24063.0
vt -5925.666666666667 -24063.0
vt -5925.666666666667 -23039.0
vt -899.0 -23039.0
vt -19199.0 -24063.0
vt -19171.0 -24063.0
vt -19171.0 -23039.0
vt -19199.0 -23039.0

usemtl metal/metalhull010b
f 559/1667 561/1668 562/1669 560/1670 
usemtl metal/metalwall102a
f 563/1671 565/1672 561/1673 559/1674 
f 566/1675 564/1676 560/1677 562/1678 
f 561/1679 565/1680 566/1681 562/1682 
f 563/1683 559/1684 560/1685 564/1686 
usemtl metal/metalhull010b
f 565/1687 563/1688 564/1689 566/1690 


o 63

v -4793.0 2667.0 -10688.0
v -4793.0 2667.0 -6016.0
v -4800.0 2667.0 -10688.0
v -4800.0 2667.0 -6016.0
v -4793.0 405.0 -10688.0
v -4793.0 405.0 -6016.0
v -4800.0 405.0 -10688.0
v -4800.0 405.0 -6016.0

vt 5927.666666666667 -42751.0
vt 901.0 -42751.0
vt 901.0 -24063.0
vt 5927.666666666667 -24063.0
vt 1621.0 -42751.0
vt 10669.0 -42751.0
vt 10669.0 -24063.0
vt 1621.0 -24063.0
vt -19199.0 -42751.0
vt -19171.0 -42751.0
vt -19171.0 -24063.0
vt -19199.0 -24063.0
vt -19171.0 -42751.0
vt -19199.0 -42751.0
vt -19199.0 -24063.0
vt -19171.0 -24063.0
vt -19171.0 1621.0
vt -19199.0 1621.0
vt -19199.0 10669.0
vt -19171.0 10669.0
vt 19201.0 1621.0
vt 19173.0 1621.0
vt 19173.0 10669.0
vt 19201.0 10669.0

usemtl metal/metalwall102a
f 569/1691 573/1692 574/1693 570/1694 
usemtl metal/metalhull010b
f 571/1695 567/1696 568/1697 572/1698 
f 573/1699 571/1700 572/1701 574/1702 
f 567/1703 569/1704 570/1705 568/1706 
usemtl tools/toolsblack
f 571/1707 573/1708 569/1709 567/1710 
usemtl metal/metalwall042a
f 574/1711 572/1712 568/1713 570/1714 


o 64

v -4715.0 327.0 -10688.0
v -4715.0 327.0 -6016.0
v -2453.0 327.0 -10688.0
v -2453.0 327.0 -6016.0
v -4715.0 320.0 -10688.0
v -4715.0 320.0 -6016.0
v -2453.0 320.0 -10688.0
v -2453.0 320.0 -6016.0

vt 1309.0 -42751.0
vt 1281.0 -42751.0
vt 1281.0 -24063.0
vt 1309.0 -24063.0
vt 1281.0 -42751.0
vt 1309.0 -42751.0
vt 1309.0 -24063.0
vt 1281.0 -24063.0
vt 10478.777777777777 -42751.0
vt 5452.111111111111 -42751.0
vt 5452.111111111111 -24063.0
vt 10478.777777777777 -24063.0
vt 9813.0 -42751.0
vt 18861.0 -42751.0
vt 18861.0 -24063.0
vt 9813.0 -24063.0
vt -9811.0 1281.0
vt -18859.0 1281.0
vt -18859.0 1309.0
vt -9811.0 1309.0
vt 18861.0 1281.0
vt 9813.0 1281.0
vt 9813.0 1309.0
vt 18861.0 1309.0

usemtl metal/metalhull010b
f 575/1715 579/1716 580/1717 576/1718 
f 581/1719 577/1720 578/1721 582/1722 
usemtl metal/metalwall102a
f 579/1723 581/1724 582/1725 580/1726 
usemtl metal/metalhull010b
f 577/1727 575/1728 576/1729 578/1730 
usemtl tools/toolsblack
f 581/1731 579/1732 575/1733 577/1734 
usemtl metal/metalwall042a
f 580/1735 582/1736 578/1737 576/1738 


o 65

v -4715.0 327.0 -6016.0
v -4715.0 327.0 -5760.0
v -2453.0 327.0 -6016.0
v -2453.0 327.0 -5760.0
v -4715.0 320.0 -6016.0
v -4715.0 320.0 -5760.0
v -2453.0 320.0 -6016.0
v -2453.0 320.0 -5760.0

vt 1281.0 -24063.0
vt 1309.0 -24063.0
vt 1309.0 -23039.0
vt 1281.0 -23039.0
vt 18861.0 -24063.0
vt 9813.0 -24063.0
vt 9813.0 -23039.0
vt 18861.0 -23039.0
vt -9811.0 -24063.0
vt -18859.0 -24063.0
vt -18859.0 -23039.0
vt -9811.0 -23039.0
vt -9811.0 1281.0
vt -18859.0 1281.0
vt -18859.0 1309.0
vt -9811.0 1309.0
vt 18861.0 1281.0
vt 9813.0 1281.0
vt 9813.0 1309.0
vt 18861.0 1309.0
vt 1309.0 -24063.0
vt 1281.0 -24063.0
vt 1281.0 -23039.0
vt 1309.0 -23039.0

usemtl metal/metalhull010b
f 589/1739 585/1740 586/1741 590/1742 
usemtl metal/metalwall102a
f 587/1743 589/1744 590/1745 588/1746 
f 585/1747 583/1748 584/1749 586/1750 
f 589/1751 587/1752 583/1753 585/1754 
f 588/1755 590/1756 586/1757 584/1758 
usemtl metal/metalhull010b
f 583/1759 587/1760 588/1761 584/1762 


o 66

v -4715.0 327.0 -5760.0
v -4715.0 327.0 -576.0
v -2453.0 327.0 -5760.0
v -2453.0 327.0 -576.0
v -4715.0 320.0 -576.0
v -4715.0 320.0 -5760.0
v -2453.0 320.0 -5760.0
v -2453.0 320.0 -576.0

vt 1309.0 -23039.0
vt 1281.0 -23039.0
vt 1281.0 -2303.0
vt 1309.0 -2303.0
vt 1281.0 -23039.0
vt 1309.0 -23039.0
vt 1309.0 -2303.0
vt 1281.0 -2303.0
vt 10478.777777777777 -23039.0
vt 5452.111111111111 -23039.0
vt 5452.111111111111 -2303.0
vt 10478.777777777777 -2303.0
vt 9813.0 -23039.0
vt 18861.0 -23039.0
vt 18861.0 -2303.0
vt 9813.0 -2303.0
vt -9811.0 1281.0
vt -18859.0 1281.0
vt -18859.0 1309.0
vt -9811.0 1309.0
vt 18861.0 1281.0
vt 9813.0 1281.0
vt 9813.0 1309.0
vt 18861.0 1309.0

usemtl metal/metalhull010b
f 591/1763 596/1764 595/1765 592/1766 
f 597/1767 593/1768 594/1769 598/1770 
usemtl metal/metalwall102a
f 596/1771 597/1772 598/1773 595/1774 
usemtl metal/metalhull010b
f 593/1775 591/1776 592/1777 594/1778 
usemtl tools/toolsblack
f 597/1779 596/1780 591/1781 593/1782 
usemtl metal/metalwall042a
f 595/1783 598/1784 594/1785 592/1786 


o 67

v -4715.0 327.0 -320.0
v -4715.0 327.0 -576.0
v -2453.0 327.0 -320.0
v -2453.0 327.0 -576.0
v -4715.0 320.0 -320.0
v -4715.0 320.0 -576.0
v -2453.0 320.0 -320.0
v -2453.0 320.0 -576.0

vt 18861.0 1281.0
vt 9813.0 1281.0
vt 9813.0 1309.0
vt 18861.0 1309.0
vt 1309.0 -2303.0
vt 1281.0 -2303.0
vt 1281.0 -1279.0
vt 1309.0 -1279.0
vt 1281.0 -2303.0
vt 1309.0 -2303.0
vt 1309.0 -1279.0
vt 1281.0 -1279.0
vt 18861.0 -2303.0
vt 9813.0 -2303.0
vt 9813.0 -1279.0
vt 18861.0 -1279.0
vt -9811.0 -2303.0
vt -18859.0 -2303.0
vt -18859.0 -1279.0
vt -9811.0 -1279.0
vt -9811.0 1281.0
vt -18859.0 1281.0
vt -18859.0 1309.0
vt -9811.0 1309.0

usemtl metal/metalwall102a
f 603/1787 605/1788 601/1789 599/1790 
usemtl metal/metalhull010b
f 600/1791 604/1792 603/1793 599/1794 
f 606/1795 602/1796 601/1797 605/1798 
usemtl metal/metalwall102a
f 604/1799 606/1800 605/1801 603/1802 
f 602/1803 600/1804 599/1805 601/1806 
f 606/1807 604/1808 600/1809 602/1810 


o 68

v -4715.0 327.0 -320.0
v -4715.0 327.0 4544.0
v -2453.0 327.0 -320.0
v -2453.0 327.0 4544.0
v -4715.0 320.0 -320.0
v -4715.0 320.0 4544.0
v -2453.0 320.0 -320.0
v -2453.0 320.0 4544.0

vt 1309.0 -1279.0
vt 1281.0 -1279.0
vt 1281.0 18177.0
vt 1309.0 18177.0
vt 1281.0 -1279.0
vt 1309.0 -1279.0
vt 1309.0 18177.0
vt 1281.0 18177.0
vt 10478.777777777777 -1279.0
vt 5452.111111111111 -1279.0
vt 5452.111111111111 18177.0
vt 10478.777777777777 18177.0
vt 9813.0 -1279.0
vt 18861.0 -1279.0
vt 18861.0 18177.0
vt 9813.0 18177.0
vt -9811.0 1281.0
vt -18859.0 1281.0
vt -18859.0 1309.0
vt -9811.0 1309.0
vt 18861.0 1281.0
vt 9813.0 1281.0
vt 9813.0 1309.0
vt 18861.0 1309.0

usemtl metal/metalhull010b
f 607/1811 611/1812 612/1813 608/1814 
f 613/1815 609/1816 610/1817 614/1818 
usemtl metal/metalwall102a
f 611/1819 613/1820 614/1821 612/1822 
usemtl metal/metalhull010b
f 609/1823 607/1824 608/1825 610/1826 
usemtl tools/toolsblack
f 613/1827 611/1828 607/1829 609/1830 
usemtl metal/metalwall042a
f 612/1831 614/1832 610/1833 608/1834 


o 69

v -4715.0 327.0 4544.0
v -4715.0 327.0 4928.0
v -2453.0 327.0 4544.0
v -2453.0 327.0 4928.0
v -4715.0 320.0 4544.0
v -4715.0 320.0 4928.0
v -2453.0 320.0 4544.0
v -2453.0 320.0 4928.0

vt -18175.0 1309.0
vt -18175.0 1281.0
vt -19711.0 1281.0
vt -19711.0 1309.0
vt -18175.0 1281.0
vt -18175.0 1309.0
vt -19711.0 1309.0
vt -19711.0 1281.0
vt -31432.333333333336 18177.0
vt -16352.333333333334 18177.0
vt -16352.333333333334 19713.0
vt -31432.333333333336 19713.0
vt -9811.0 18177.0
vt -18859.0 18177.0
vt -18859.0 19713.0
vt -9811.0 19713.0
vt 9813.0 1281.0
vt 18861.0 1281.0
vt 18861.0 1309.0
vt 9813.0 1309.0
vt 18861.0 1281.0
vt 9813.0 1281.0
vt 9813.0 1309.0
vt 18861.0 1309.0

usemtl metal/metalhull010b
f 615/1835 619/1836 620/1837 616/1838 
f 621/1839 617/1840 618/1841 622/1842 
usemtl concrete/concretewall046d
f 619/1843 621/1844 622/1845 620/1846 
usemtl concrete/concretefloor026a
f 617/1847 615/1848 616/1849 618/1850 
f 621/1851 619/1852 615/1853 617/1854 
f 620/1855 622/1856 618/1857 616/1858 


o 70

v -4715.0 327.0 4928.0
v -4715.0 327.0 4992.0
v -2453.0 327.0 4928.0
v -2453.0 327.0 4992.0
v -4715.0 320.0 4928.0
v -4715.0 320.0 4992.0
v -2453.0 320.0 4928.0
v -2453.0 320.0 4992.0

vt -9811.0 19713.0
vt -18859.0 19713.0
vt -18859.0 19969.0
vt -9811.0 19969.0
vt 9813.0 1281.0
vt 18861.0 1281.0
vt 18861.0 1309.0
vt 9813.0 1309.0
vt 1281.0 -18859.0
vt 1281.0 -9811.0
vt 1309.0 -9811.0
vt 1309.0 -18859.0
vt 1309.0 19713.0
vt 1281.0 19713.0
vt 1281.0 19969.0
vt 1309.0 19969.0
vt 1281.0 19713.0
vt 1309.0 19713.0
vt 1309.0 19969.0
vt 1281.0 19969.0
vt -31432.333333333336 19713.0
vt -16352.333333333334 19713.0
vt -16352.333333333334 19969.0
vt -31432.333333333336 19969.0

usemtl concrete/concretefloor026a
f 625/1859 623/1860 624/1861 626/1862 
f 629/1863 627/1864 623/1865 625/1866 
usemtl metal/metalroof005a
f 628/1867 630/1868 626/1869 624/1870 
usemtl metal/metalhull010b
f 623/1871 627/1872 628/1873 624/1874 
f 629/1875 625/1876 626/1877 630/1878 
usemtl concrete/concretewall046c
f 627/1879 629/1880 630/1881 628/1882 


o 71

v -2233.0 -3691.0 -10688.0
v -2233.0 -3691.0 -6016.0
v -2240.0 -3691.0 -10688.0
v -2240.0 -3691.0 -6016.0
v -2233.0 -1429.0 -10688.0
v -2233.0 -1429.0 -6016.0
v -2240.0 -1429.0 -10688.0
v -2240.0 -1429.0 -6016.0

vt -3174.5555555555557 -42751.0
vt -8201.222222222223 -42751.0
vt -8201.222222222223 -24063.0
vt -3174.5555555555557 -24063.0
vt -14763.0 -42751.0
vt -5715.0 -42751.0
vt -5715.0 -24063.0
vt -14763.0 -24063.0
vt -8959.0 -42751.0
vt -8931.0 -42751.0
vt -8931.0 -24063.0
vt -8959.0 -24063.0
vt -8931.0 -42751.0
vt -8959.0 -42751.0
vt -8959.0 -24063.0
vt -8931.0 -24063.0
vt -8931.0 -14763.0
vt -8959.0 -14763.0
vt -8959.0 -5715.0
vt -8931.0 -5715.0
vt 8961.0 -14763.0
vt 8933.0 -14763.0
vt 8933.0 -5715.0
vt 8961.0 -5715.0

usemtl metal/metalwall102a
f 637/1883 633/1884 634/1885 638/1886 
usemtl metal/metalhull010b
f 631/1887 635/1888 636/1889 632/1890 
f 633/1891 631/1892 632/1893 634/1894 
f 635/1895 637/1896 638/1897 636/1898 
usemtl tools/toolsblack
f 631/1899 633/1900 637/1901 635/1902 
usemtl metal/metalwall042a
f 634/1903 632/1904 636/1905 638/1906 


o 72

v -2233.0 -3691.0 -6016.0
v -2233.0 -3691.0 -5760.0
v -2240.0 -3691.0 -6016.0
v -2240.0 -3691.0 -5760.0
v -2233.0 -1429.0 -6016.0
v -2233.0 -1429.0 -5760.0
v -2240.0 -1429.0 -6016.0
v -2240.0 -1429.0 -5760.0

vt -5715.0 -24063.0
vt -14763.0 -24063.0
vt -14763.0 -23039.0
vt -5715.0 -23039.0
vt 8203.222222222223 -24063.0
vt 3176.5555555555557 -24063.0
vt 3176.5555555555557 -23039.0
vt 8203.222222222223 -23039.0
vt -8959.0 -24063.0
vt -8931.0 -24063.0
vt -8931.0 -23039.0
vt -8959.0 -23039.0
vt -8931.0 -24063.0
vt -8959.0 -24063.0
vt -8959.0 -23039.0
vt -8931.0 -23039.0
vt -8931.0 -14763.0
vt -8959.0 -14763.0
vt -8959.0 -5715.0
vt -8931.0 -5715.0
vt 8961.0 -14763.0
vt 8933.0 -14763.0
vt 8933.0 -5715.0
vt 8961.0 -5715.0

usemtl metal/metalwall102a
f 645/1907 641/1908 642/1909 646/1910 
f 639/1911 643/1912 644/1913 640/1914 
usemtl metal/metalhull010b
f 641/1915 639/1916 640/1917 642/1918 
f 643/1919 645/1920 646/1921 644/1922 
usemtl metal/metalwall102a
f 639/1923 641/1924 645/1925 643/1926 
f 642/1927 640/1928 644/1929 646/1930 


o 73

v -2233.0 -3691.0 -5760.0
v -2233.0 -3691.0 -576.0
v -2240.0 -3691.0 -5760.0
v -2240.0 -3691.0 -576.0
v -2233.0 -1429.0 -5760.0
v -2233.0 -1429.0 -576.0
v -2240.0 -1429.0 -5760.0
v -2240.0 -1429.0 -576.0

vt -14763.0 -23039.0
vt -5715.0 -23039.0
vt -5715.0 -2303.0
vt -14763.0 -2303.0
vt -8959.0 -23039.0
vt -8931.0 -23039.0
vt -8931.0 -2303.0
vt -8959.0 -2303.0
vt -8931.0 -23039.0
vt -8959.0 -23039.0
vt -8959.0 -2303.0
vt -8931.0 -2303.0
vt -8931.0 -14763.0
vt -8959.0 -14763.0
vt -8959.0 -5715.0
vt -8931.0 -5715.0
vt 8961.0 -14763.0
vt 8933.0 -14763.0
vt 8933.0 -5715.0
vt 8961.0 -5715.0
vt -3174.5555555555557 -23039.0
vt -8201.222222222223 -23039.0
vt -8201.222222222223 -2303.0
vt -3174.5555555555557 -2303.0

usemtl metal/metalhull010b
f 647/1931 651/1932 652/1933 648/1934 
f 649/1935 647/1936 648/1937 650/1938 
f 651/1939 653/1940 654/1941 652/1942 
usemtl tools/toolsblack
f 647/1943 649/1944 653/1945 651/1946 
usemtl metal/metalwall042a
f 650/1947 648/1948 652/1949 654/1950 
usemtl metal/metalwall102a
f 653/1951 649/1952 650/1953 654/1954 


o 74

v -2233.0 -3691.0 -576.0
v -2233.0 -3691.0 -320.0
v -2240.0 -3691.0 -576.0
v -2240.0 -3691.0 -320.0
v -2233.0 -1429.0 -576.0
v -2233.0 -1429.0 -320.0
v -2240.0 -1429.0 -576.0
v -2240.0 -1429.0 -320.0

vt -5715.0 -2303.0
vt -14763.0 -2303.0
vt -14763.0 -1279.0
vt -5715.0 -1279.0
vt 8203.222222222223 -2303.0
vt 3176.5555555555557 -2303.0
vt 3176.5555555555557 -1279.0
vt 8203.222222222223 -1279.0
vt -8959.0 -2303.0
vt -8931.0 -2303.0
vt -8931.0 -1279.0
vt -8959.0 -1279.0
vt -8931.0 -2303.0
vt -8959.0 -2303.0
vt -8959.0 -1279.0
vt -8931.0 -1279.0
vt -8931.0 -14763.0
vt -8959.0 -14763.0
vt -8959.0 -5715.0
vt -8931.0 -5715.0
vt 8961.0 -14763.0
vt 8933.0 -14763.0
vt 8933.0 -5715.0
vt 8961.0 -5715.0

usemtl metal/metalwall102a
f 661/1955 657/1956 658/1957 662/1958 
f 655/1959 659/1960 660/1961 656/1962 
usemtl metal/metalhull010b
f 657/1963 655/1964 656/1965 658/1966 
f 659/1967 661/1968 662/1969 660/1970 
usemtl metal/metalwall102a
f 655/1971 657/1972 661/1973 659/1974 
f 658/1975 656/1976 660/1977 662/1978 


o 75

v -2233.0 -3691.0 4544.0
v -2233.0 -3691.0 -320.0
v -2240.0 -3691.0 4544.0
v -2240.0 -3691.0 -320.0
v -2233.0 -1429.0 4544.0
v -2233.0 -1429.0 -320.0
v -2240.0 -1429.0 4544.0
v -2240.0 -1429.0 -320.0

vt 8961.0 -14763.0
vt 8933.0 -14763.0
vt 8933.0 -5715.0
vt 8961.0 -5715.0
vt -3174.5555555555557 -1279.0
vt -8201.222222222223 -1279.0
vt -8201.222222222223 18177.0
vt -3174.5555555555557 18177.0
vt -14763.0 -1279.0
vt -5715.0 -1279.0
vt -5715.0 18177.0
vt -14763.0 18177.0
vt -8959.0 -1279.0
vt -8931.0 -1279.0
vt -8931.0 18177.0
vt -8959.0 18177.0
vt -8931.0 -1279.0
vt -8959.0 -1279.0
vt -8959.0 18177.0
vt -8931.0 18177.0
vt -8931.0 -14763.0
vt -8959.0 -14763.0
vt -8959.0 -5715.0
vt -8931.0 -5715.0

usemtl metal/metalwall042a
f 665/1979 663/1980 667/1981 669/1982 
usemtl metal/metalwall102a
f 670/1983 666/1984 665/1985 669/1986 
usemtl metal/metalhull010b
f 664/1987 668/1988 667/1989 663/1990 
f 666/1991 664/1992 663/1993 665/1994 
f 668/1995 670/1996 669/1997 667/1998 
usemtl tools/toolsblack
f 664/1999 666/2000 670/2001 668/2002 


o 76

v -2233.0 -3691.0 4544.0
v -2233.0 -3691.0 4928.0
v -2240.0 -3691.0 4544.0
v -2240.0 -3691.0 4928.0
v -2233.0 -1429.0 4544.0
v -2233.0 -1429.0 4928.0
v -2240.0 -1429.0 4544.0
v -2240.0 -1429.0 4928.0

vt 9527.666666666668 18177.0
vt 24607.666666666668 18177.0
vt 24607.666666666668 19713.0
vt 9527.666666666668 19713.0
vt 14765.0 18177.0
vt 5717.0 18177.0
vt 5717.0 19713.0
vt 14765.0 19713.0
vt -18175.0 -8959.0
vt -18175.0 -8931.0
vt -19711.0 -8931.0
vt -19711.0 -8959.0
vt -18175.0 -8931.0
vt -18175.0 -8959.0
vt -19711.0 -8959.0
vt -19711.0 -8931.0
vt 8933.0 -14763.0
vt 8961.0 -14763.0
vt 8961.0 -5715.0
vt 8933.0 -5715.0
vt 8961.0 -14763.0
vt 8933.0 -14763.0
vt 8933.0 -5715.0
vt 8961.0 -5715.0

usemtl concrete/concretewall046d
f 677/2003 673/2004 674/2005 678/2006 
usemtl concrete/concretefloor026a
f 671/2007 675/2008 676/2009 672/2010 
usemtl metal/metalhull010b
f 673/2011 671/2012 672/2013 674/2014 
f 675/2015 677/2016 678/2017 676/2018 
usemtl concrete/concretefloor026a
f 671/2019 673/2020 677/2021 675/2022 
f 674/2023 672/2024 676/2025 678/2026 


o 77

v -2233.0 -3691.0 4928.0
v -2233.0 -3691.0 4992.0
v -2240.0 -3691.0 4928.0
v -2240.0 -3691.0 4992.0
v -2233.0 -1429.0 4928.0
v -2233.0 -1429.0 4992.0
v -2240.0 -1429.0 4928.0
v -2240.0 -1429.0 4992.0

vt 9527.666666666668 19713.0
vt 24607.666666666668 19713.0
vt 24607.666666666668 19969.0
vt 9527.666666666668 19969.0
vt 14765.0 19713.0
vt 5717.0 19713.0
vt 5717.0 19969.0
vt 14765.0 19969.0
vt -8959.0 19713.0
vt -8931.0 19713.0
vt -8931.0 19969.0
vt -8959.0 19969.0
vt -8931.0 19713.0
vt -8959.0 19713.0
vt -8959.0 19969.0
vt -8931.0 19969.0
vt 8933.0 -14763.0
vt 8961.0 -14763.0
vt 8961.0 -5715.0
vt 8933.0 -5715.0
vt -8959.0 14765.0
vt -8931.0 14765.0
vt -8931.0 5717.0
vt -8959.0 5717.0

usemtl concrete/concretewall046c
f 685/2027 681/2028 682/2029 686/2030 
usemtl concrete/concretefloor026a
f 679/2031 683/2032 684/2033 680/2034 
usemtl metal/metalhull010b
f 681/2035 679/2036 680/2037 682/2038 
f 683/2039 685/2040 686/2041 684/2042 
usemtl concrete/concretefloor026a
f 679/2043 681/2044 685/2045 683/2046 
usemtl metal/metalroof005a
f 682/2047 680/2048 684/2049 686/2050 


o 78

v -2155.0 -3776.0 4928.0
v -2155.0 -3776.0 4992.0
v 107.0 -3776.0 4928.0
v 107.0 -3776.0 4992.0
v -2155.0 -3769.0 4928.0
v -2155.0 -3769.0 4992.0
v 107.0 -3769.0 4928.0
v 107.0 -3769.0 4992.0

vt 429.0 19713.0
vt -8619.0 19713.0
vt -8619.0 19969.0
vt 429.0 19969.0
vt -427.0 -15103.0
vt 8621.0 -15103.0
vt 8621.0 -15075.0
vt -427.0 -15075.0
vt -15103.0 -8619.0
vt -15103.0 429.0
vt -15075.0 429.0
vt -15075.0 -8619.0
vt -15075.0 19713.0
vt -15103.0 19713.0
vt -15103.0 19969.0
vt -15075.0 19969.0
vt -15103.0 19713.0
vt -15075.0 19713.0
vt -15075.0 19969.0
vt -15103.0 19969.0
vt -14365.666666666668 19713.0
vt 714.3333333333334 19713.0
vt 714.3333333333334 19969.0
vt -14365.666666666668 19969.0

usemtl concrete/concretefloor026a
f 693/2051 691/2052 692/2053 694/2054 
f 689/2055 687/2056 691/2057 693/2058 
usemtl metal/metalroof005a
f 688/2059 690/2060 694/2061 692/2062 
usemtl metal/metalhull010b
f 691/2063 687/2064 688/2065 692/2066 
f 689/2067 693/2068 694/2069 690/2070 
usemtl concrete/concretewall046c
f 687/2071 689/2072 690/2073 688/2074 


o 79

v -2155.0 -3776.0 4544.0
v -2155.0 -3776.0 4928.0
v 107.0 -3776.0 4544.0
v 107.0 -3776.0 4928.0
v -2155.0 -3769.0 4544.0
v -2155.0 -3769.0 4928.0
v 107.0 -3769.0 4544.0
v 107.0 -3769.0 4928.0

vt -18175.0 -15075.0
vt -18175.0 -15103.0
vt -19711.0 -15103.0
vt -19711.0 -15075.0
vt -18175.0 -15103.0
vt -18175.0 -15075.0
vt -19711.0 -15075.0
vt -19711.0 -15103.0
vt -14365.666666666668 18177.0
vt 714.3333333333334 18177.0
vt 714.3333333333334 19713.0
vt -14365.666666666668 19713.0
vt 429.0 18177.0
vt -8619.0 18177.0
vt -8619.0 19713.0
vt 429.0 19713.0
vt -427.0 -15103.0
vt 8621.0 -15103.0
vt 8621.0 -15075.0
vt -427.0 -15075.0
vt 8621.0 -15103.0
vt -427.0 -15103.0
vt -427.0 -15075.0
vt 8621.0 -15075.0

usemtl metal/metalhull010b
f 699/2075 695/2076 696/2077 700/2078 
f 697/2079 701/2080 702/2081 698/2082 
usemtl concrete/concretewall046d
f 695/2083 697/2084 698/2085 696/2086 
usemtl concrete/concretefloor026a
f 701/2087 699/2088 700/2089 702/2090 
f 697/2091 695/2092 699/2093 701/2094 
f 696/2095 698/2096 702/2097 700/2098 


o 80

v -2155.0 -3776.0 -320.0
v -2155.0 -3776.0 4544.0
v 107.0 -3776.0 -320.0
v 107.0 -3776.0 4544.0
v -2155.0 -3769.0 -320.0
v -2155.0 -3769.0 4544.0
v 107.0 -3769.0 -320.0
v 107.0 -3769.0 4544.0

vt -15075.0 -1279.0
vt -15103.0 -1279.0
vt -15103.0 18177.0
vt -15075.0 18177.0
vt -15103.0 -1279.0
vt -15075.0 -1279.0
vt -15075.0 18177.0
vt -15103.0 18177.0
vt 4789.888888888889 -1279.0
vt -236.77777777777777 -1279.0
vt -236.77777777777777 18177.0
vt 4789.888888888889 18177.0
vt -427.0 -1279.0
vt 8621.0 -1279.0
vt 8621.0 18177.0
vt -427.0 18177.0
vt 429.0 -15103.0
vt -8619.0 -15103.0
vt -8619.0 -15075.0
vt 429.0 -15075.0
vt 8621.0 -15103.0
vt -427.0 -15103.0
vt -427.0 -15075.0
vt 8621.0 -15075.0

usemtl metal/metalhull010b
f 707/2099 703/2100 704/2101 708/2102 
f 705/2103 709/2104 710/2105 706/2106 
usemtl metal/metalwall102a
f 703/2107 705/2108 706/2109 704/2110 
usemtl metal/metalhull010b
f 709/2111 707/2112 708/2113 710/2114 
usemtl tools/toolsblack
f 705/2115 703/2116 707/2117 709/2118 
usemtl metal/metalwall042a
f 704/2119 706/2120 710/2121 708/2122 


o 81

v -2155.0 -3776.0 -576.0
v -2155.0 -3776.0 -320.0
v 107.0 -3776.0 -576.0
v 107.0 -3776.0 -320.0
v -2155.0 -3769.0 -576.0
v -2155.0 -3769.0 -320.0
v 107.0 -3769.0 -576.0
v 107.0 -3769.0 -320.0

vt -15103.0 -2303.0
vt -15075.0 -2303.0
vt -15075.0 -1279.0
vt -15103.0 -1279.0
vt 8621.0 -2303.0
vt -427.0 -2303.0
vt -427.0 -1279.0
vt 8621.0 -1279.0
vt 429.0 -2303.0
vt -8619.0 -2303.0
vt -8619.0 -1279.0
vt 429.0 -1279.0
vt 429.0 -15103.0
vt -8619.0 -15103.0
vt -8619.0 -15075.0
vt 429.0 -15075.0
vt 8621.0 -15103.0
vt -427.0 -15103.0
vt -427.0 -15075.0
vt 8621.0 -15075.0
vt -15075.0 -2303.0
vt -15103.0 -2303.0
vt -15103.0 -1279.0
vt -15075.0 -1279.0

usemtl metal/metalhull010b
f 713/2123 717/2124 718/2125 714/2126 
usemtl metal/metalwall102a
f 711/2127 713/2128 714/2129 712/2130 
f 717/2131 715/2132 716/2133 718/2134 
f 713/2135 711/2136 715/2137 717/2138 
f 712/2139 714/2140 718/2141 716/2142 
usemtl metal/metalhull010b
f 715/2143 711/2144 712/2145 716/2146 


o 82

v -2155.0 -3776.0 -5760.0
v -2155.0 -3776.0 -576.0
v 107.0 -3776.0 -5760.0
v 107.0 -3776.0 -576.0
v -2155.0 -3769.0 -5760.0
v -2155.0 -3769.0 -576.0
v 107.0 -3769.0 -5760.0
v 107.0 -3769.0 -576.0

vt -15075.0 -23039.0
vt -15103.0 -23039.0
vt -15103.0 -2303.0
vt -15075.0 -2303.0
vt -15103.0 -23039.0
vt -15075.0 -23039.0
vt -15075.0 -2303.0
vt -15103.0 -2303.0
vt 4789.888888888889 -23039.0
vt -236.77777777777777 -23039.0
vt -236.77777777777777 -2303.0
vt 4789.888888888889 -2303.0
vt -427.0 -23039.0
vt 8621.0 -23039.0
vt 8621.0 -2303.0
vt -427.0 -2303.0
vt 429.0 -15103.0
vt -8619.0 -15103.0
vt -8619.0 -15075.0
vt 429.0 -15075.0
vt 8621.0 -15103.0
vt -427.0 -15103.0
vt -427.0 -15075.0
vt 8621.0 -15075.0

usemtl metal/metalhull010b
f 723/2147 719/2148 720/2149 724/2150 
f 721/2151 725/2152 726/2153 722/2154 
usemtl metal/metalwall102a
f 719/2155 721/2156 722/2157 720/2158 
usemtl metal/metalhull010b
f 725/2159 723/2160 724/2161 726/2162 
usemtl tools/toolsblack
f 721/2163 719/2164 723/2165 725/2166 
usemtl metal/metalwall042a
f 720/2167 722/2168 726/2169 724/2170 


o 83

v -2155.0 -3776.0 -5760.0
v -2155.0 -3776.0 -6016.0
v 107.0 -3776.0 -5760.0
v 107.0 -3776.0 -6016.0
v -2155.0 -3769.0 -5760.0
v -2155.0 -3769.0 -6016.0
v 107.0 -3769.0 -5760.0
v 107.0 -3769.0 -6016.0

vt 8621.0 -15103.0
vt -427.0 -15103.0
vt -427.0 -15075.0
vt 8621.0 -15075.0
vt -15075.0 -24063.0
vt -15103.0 -24063.0
vt -15103.0 -23039.0
vt -15075.0 -23039.0
vt -15103.0 -24063.0
vt -15075.0 -24063.0
vt -15075.0 -23039.0
vt -15103.0 -23039.0
vt 8621.0 -24063.0
vt -427.0 -24063.0
vt -427.0 -23039.0
vt 8621.0 -23039.0
vt 429.0 -24063.0
vt -8619.0 -24063.0
vt -8619.0 -23039.0
vt 429.0 -23039.0
vt 429.0 -15103.0
vt -8619.0 -15103.0
vt -8619.0 -15075.0
vt 429.0 -15075.0

usemtl metal/metalwall102a
f 727/2171 729/2172 733/2173 731/2174 
usemtl metal/metalhull010b
f 732/2175 728/2176 727/2177 731/2178 
f 730/2179 734/2180 733/2181 729/2182 
usemtl metal/metalwall102a
f 728/2183 730/2184 729/2185 727/2186 
f 734/2187 732/2188 731/2189 733/2190 
f 730/2191 728/2192 732/2193 734/2194 


o 84

v -2155.0 -3776.0 -10688.0
v -2155.0 -3776.0 -6016.0
v 107.0 -3776.0 -10688.0
v 107.0 -3776.0 -6016.0
v -2155.0 -3769.0 -10688.0
v -2155.0 -3769.0 -6016.0
v 107.0 -3769.0 -10688.0
v 107.0 -3769.0 -6016.0

vt -15075.0 -42751.0
vt -15103.0 -42751.0
vt -15103.0 -24063.0
vt -15075.0 -24063.0
vt -15103.0 -42751.0
vt -15075.0 -42751.0
vt -15075.0 -24063.0
vt -15103.0 -24063.0
vt 4789.888888888889 -42751.0
vt -236.77777777777777 -42751.0
vt -236.77777777777777 -24063.0
vt 4789.888888888889 -24063.0
vt -427.0 -42751.0
vt 8621.0 -42751.0
vt 8621.0 -24063.0
vt -427.0 -24063.0
vt 429.0 -15103.0
vt -8619.0 -15103.0
vt -8619.0 -15075.0
vt 429.0 -15075.0
vt 8621.0 -15103.0
vt -427.0 -15103.0
vt -427.0 -15075.0
vt 8621.0 -15075.0

usemtl metal/metalhull010b
f 739/2195 735/2196 736/2197 740/2198 
f 737/2199 741/2200 742/2201 738/2202 
usemtl metal/metalwall102a
f 735/2203 737/2204 738/2205 736/2206 
usemtl metal/metalhull010b
f 741/2207 739/2208 740/2209 742/2210 
usemtl tools/toolsblack
f 737/2211 735/2212 739/2213 741/2214 
usemtl metal/metalwall042a
f 736/2215 738/2216 742/2217 740/2218 


o 85

v -2453.0 1536.0 5104.0
v -2880.0 1536.0 4992.0
v -2880.0 1621.0 4992.0
v -2880.0 1536.0 5104.0
v -2453.0 1621.0 4992.0
v -2880.0 1621.0 5104.0
v -2453.0 1536.0 4992.0
v -2453.0 1621.0 5104.0

vt 11521.0 6145.0
vt 9813.0 6145.0
vt 9813.0 6485.0
vt 11521.0 6485.0
vt -6483.0 19969.0
vt -6143.0 19969.0
vt -6143.0 20417.0
vt -6483.0 20417.0
vt -6143.0 19969.0
vt -6483.0 19969.0
vt -6483.0 20417.0
vt -6143.0 20417.0
vt 11521.0 19969.0
vt 9813.0 19969.0
vt 9813.0 20417.0
vt 11521.0 20417.0
vt 9813.0 19969.0
vt 11521.0 19969.0
vt 11521.0 20417.0
vt 9813.0 20417.0
vt 9813.0 6145.0
vt 11521.0 6145.0
vt 11521.0 6485.0
vt 9813.0 6485.0

usemtl props/rubberfloor004a
f 746/2219 743/2220 750/2221 748/2222 
usemtl concrete/concretefloor026a
f 745/2223 744/2224 746/2225 748/2226 
f 749/2227 747/2228 750/2229 743/2230 
f 744/2231 749/2232 743/2233 746/2234 
f 747/2235 745/2236 748/2237 750/2238 
f 749/2239 744/2240 745/2241 747/2242 


o 86

v -2155.0 -1344.0 3584.0
v -2155.0 -1344.0 4544.0
v 107.0 -1351.0 3584.0
v 107.0 -1351.0 4544.0
v -2155.0 -1351.0 3584.0
v -2155.0 -1351.0 4544.0
v 107.0 -1344.0 4544.0
v 107.0 -1344.0 3584.0

vt 5377.0 14337.0
vt 5405.0 14337.0
vt 5405.0 18177.0
vt 5377.0 18177.0
vt 5405.0 14337.0
vt 5377.0 14337.0
vt 5377.0 18177.0
vt 5405.0 18177.0
vt -8619.0 14337.0
vt 429.0 14337.0
vt 429.0 18177.0
vt -8619.0 18177.0
vt 238.77777777777777 14337.0
vt -4787.888888888889 14337.0
vt -4787.888888888889 18177.0
vt 238.77777777777777 18177.0
vt 5405.0 -427.0
vt 5405.0 8621.0
vt 5377.0 8621.0
vt 5377.0 -427.0
vt 8621.0 -5403.0
vt -427.0 -5403.0
vt -427.0 -5375.0
vt 8621.0 -5375.0

usemtl metal/metalhull010b
f 751/2243 755/2244 756/2245 752/2246 
f 753/2247 758/2248 757/2249 754/2250 
f 755/2251 753/2252 754/2253 756/2254 
usemtl metal/metalwall102a
f 758/2255 751/2256 752/2257 757/2258 
usemtl tools/toolsblack
f 753/2259 755/2260 751/2261 758/2262 
usemtl metal/metalwall042a
f 756/2263 754/2264 757/2265 752/2266 


o 87

v -2368.0 405.0 3584.0
v -2368.0 405.0 4544.0
v -2375.0 405.0 3584.0
v -2375.0 405.0 4544.0
v -2368.0 2667.0 3584.0
v -2368.0 2667.0 4544.0
v -2375.0 2667.0 3584.0
v -2375.0 2667.0 4544.0

vt -10667.0 14337.0
vt -1619.0 14337.0
vt -1619.0 18177.0
vt -10667.0 18177.0
vt -899.0 14337.0
vt -5925.666666666667 14337.0
vt -5925.666666666667 18177.0
vt -899.0 18177.0
vt 9501.0 14337.0
vt 9473.0 14337.0
vt 9473.0 18177.0
vt 9501.0 18177.0
vt 9473.0 14337.0
vt 9501.0 14337.0
vt 9501.0 18177.0
vt 9473.0 18177.0
vt -9471.0 1621.0
vt -9499.0 1621.0
vt -9499.0 10669.0
vt -9471.0 10669.0
vt 9501.0 1621.0
vt 9473.0 1621.0
vt 9473.0 10669.0
vt 9501.0 10669.0

usemtl metal/metalhull010b
f 765/2267 761/2268 762/2269 766/2270 
usemtl metal/metalwall102a
f 759/2271 763/2272 764/2273 760/2274 
usemtl metal/metalhull010b
f 761/2275 759/2276 760/2277 762/2278 
f 763/2279 765/2280 766/2281 764/2282 
usemtl tools/toolsblack
f 759/2283 761/2284 765/2285 763/2286 
usemtl metal/metalwall042a
f 762/2287 760/2288 764/2289 766/2290 


o 88

v -3648.0 1600.0 5440.0
v -3648.0 1472.0 5440.0
v -3648.0 1472.0 6336.0
v -3648.0 1600.0 6336.0
v -3520.0 1472.0 5440.0
v -3520.0 1600.0 5440.0
v -3520.0 1600.0 6336.0
v -3520.0 1472.0 6336.0

vt -6399.0 21761.0
vt -5887.0 21761.0
vt -5887.0 25345.0
vt -6399.0 25345.0
vt -5887.0 21761.0
vt -6399.0 21761.0
vt -6399.0 25345.0
vt -5887.0 25345.0
vt 14593.0 21761.0
vt 14081.0 21761.0
vt 14081.0 25345.0
vt 14593.0 25345.0
vt 14081.0 21761.0
vt 14593.0 21761.0
vt 14593.0 25345.0
vt 14081.0 25345.0
vt 14081.0 5889.0
vt 14593.0 5889.0
vt 14593.0 6401.0
vt 14081.0 6401.0
vt 14593.0 5889.0
vt 14081.0 5889.0
vt 14081.0 6401.0
vt 14593.0 6401.0

usemtl concrete/concretefloor026a
f 767/2291 768/2292 769/2293 770/2294 
f 771/2295 772/2296 773/2297 774/2298 
f 768/2299 771/2300 774/2301 769/2302 
f 772/2303 767/2304 770/2305 773/2306 
f 771/2307 768/2308 767/2309 772/2310 
f 769/2311 774/2312 773/2313 770/2314 


o 89

v -3712.0 1408.0 5184.0
v -3712.0 1664.0 5184.0
v -3648.0 1472.0 5440.0
v -3648.0 1600.0 5440.0
v -3520.0 1472.0 5440.0
v -3520.0 1600.0 5440.0
v -3456.0 1408.0 5184.0
v -3456.0 1664.0 5184.0

vt 13825.0 5633.0
vt 14849.0 5633.0
vt 14849.0 6657.0
vt 13825.0 6657.0
vt 14593.0 5889.0
vt 14081.0 5889.0
vt 14081.0 6401.0
vt 14593.0 6401.0
vt 14593.0 21761.0
vt 14849.0 20737.0
vt 13825.0 20737.0
vt 14081.0 21761.0
vt 14849.0 20737.0
vt 14593.0 21761.0
vt 14081.0 21761.0
vt 13825.0 20737.0
vt -5631.0 20737.0
vt -5887.0 21761.0
vt -6399.0 21761.0
vt -6655.0 20737.0
vt -5887.0 21761.0
vt -5631.0 20737.0
vt -6655.0 20737.0
vt -6399.0 21761.0

usemtl concrete/concretefloor026a
f 781/2315 775/2316 776/2317 782/2318 
f 777/2319 779/2320 780/2321 778/2322 
f 777/2323 775/2324 781/2325 779/2326 
f 776/2327 778/2328 780/2329 782/2330 
f 775/2331 777/2332 778/2333 776/2334 
f 779/2335 781/2336 782/2337 780/2338 


o 90

v 107.0 -3691.0 4992.0
v -2155.0 -3691.0 5104.0
v 107.0 -1429.0 5104.0
v -2155.0 -1429.0 4992.0
v 107.0 -3691.0 5104.0
v 107.0 -1429.0 4992.0
v -2155.0 -1429.0 5104.0
v -2155.0 -3691.0 4992.0

vt 5717.0 19969.0
vt 14765.0 19969.0
vt 14765.0 20417.0
vt 5717.0 20417.0
vt 14765.0 19969.0
vt 5717.0 19969.0
vt 5717.0 20417.0
vt 14765.0 20417.0
vt 8621.0 19969.0
vt -427.0 19969.0
vt -427.0 20417.0
vt 8621.0 20417.0
vt -427.0 19969.0
vt 8621.0 19969.0
vt 8621.0 20417.0
vt -427.0 20417.0
vt -427.0 -14763.0
vt 8621.0 -14763.0
vt 8621.0 -5715.0
vt -427.0 -5715.0
vt 8621.0 -14763.0
vt -427.0 -14763.0
vt -427.0 -5715.0
vt 8621.0 -5715.0

usemtl props/rubberfloor004a
f 786/2339 790/2340 784/2341 789/2342 
f 783/2343 788/2344 785/2345 787/2346 
f 790/2347 783/2348 787/2349 784/2350 
f 788/2351 786/2352 789/2353 785/2354 
f 783/2355 790/2356 786/2357 788/2358 
f 784/2359 787/2360 785/2361 789/2362 


o 91

v -4544.0 576.0 5104.0
v -4544.0 2496.0 5104.0
v -3072.0 576.0 5120.0
v -3072.0 2496.0 5120.0
v -3072.0 576.0 5104.0
v -3072.0 2496.0 5104.0
v -4544.0 576.0 5120.0
v -4544.0 2496.0 5120.0

vt 18177.0 20417.0
vt 12289.0 20417.0
vt 12289.0 20481.0
vt 18177.0 20481.0
vt 12289.0 20417.0
vt 18177.0 20417.0
vt 18177.0 20481.0
vt 12289.0 20481.0
vt 12289.0 2305.0
vt 18177.0 2305.0
vt 18177.0 9985.0
vt 12289.0 9985.0
vt 9089.0 1153.0
vt 6145.0 1153.0
vt 6145.0 4993.0
vt 9089.0 4993.0
vt -9983.0 20417.0
vt -2303.0 20417.0
vt -2303.0 20481.0
vt -9983.0 20481.0
vt -2303.0 20417.0
vt -9983.0 20417.0
vt -9983.0 20481.0
vt -2303.0 20481.0

usemtl concrete/concretefloor031a
f 791/2363 795/2364 793/2365 797/2366 
f 796/2367 792/2368 798/2369 794/2370 
f 795/2371 791/2372 792/2373 796/2374 
f 797/2375 793/2376 794/2377 798/2378 
f 792/2379 791/2380 797/2381 798/2382 
f 795/2383 796/2384 794/2385 793/2386 


o 92

v -2624.0 1621.0 5120.0
v -3072.0 576.0 5120.0
v -3072.0 1621.0 5120.0
v -2624.0 576.0 5120.0
v -2624.0 1621.0 5104.0
v -3072.0 576.0 5104.0
v -3072.0 1621.0 5104.0
v -2624.0 576.0 5104.0

vt -6483.0 20417.0
vt -2303.0 20417.0
vt -2303.0 20481.0
vt -6483.0 20481.0
vt -2303.0 20417.0
vt -6483.0 20417.0
vt -6483.0 20481.0
vt -2303.0 20481.0
vt 12289.0 20417.0
vt 10497.0 20417.0
vt 10497.0 20481.0
vt 12289.0 20481.0
vt 10497.0 20417.0
vt 12289.0 20417.0
vt 12289.0 20481.0
vt 10497.0 20481.0
vt 10497.0 2305.0
vt 12289.0 2305.0
vt 12289.0 6485.0
vt 10497.0 6485.0
vt 6145.0 1153.0
vt 5249.0 1153.0
vt 5249.0 3243.0
vt 6145.0 3243.0

usemtl concrete/concretefloor031a
f 805/2387 804/2388 800/2389 801/2390 
f 806/2391 803/2392 799/2393 802/2394 
f 804/2395 806/2396 802/2397 800/2398 
f 803/2399 805/2400 801/2401 799/2402 
f 806/2403 804/2404 805/2405 803/2406 
f 800/2407 802/2408 799/2409 801/2410 


o 93

v -3712.0 1664.0 5184.0
v -3456.0 1664.0 5184.0
v -3072.0 2048.0 5120.0
v -3072.0 1023.95 5120.0
v -3456.0 1407.96 5184.0
v -4096.01 2048.0 5120.0
v -3712.0 1407.96 5184.0
v -4096.0 1023.96 5120.0

vt -7423.0 -51839.0
vt -8191.0 -51199.0
vt -6143.0 -51199.0
vt -6911.0 -51839.0
vt -8191.02 -51199.0
vt -7423.0 -51839.0
vt -6911.0 -51839.0
vt -6143.0 -51199.0
vt 51201.0 2048.92
vt 51841.0 2816.92
vt 51841.0 3329.0
vt 51201.0 4097.0
vt 51841.0 2816.92
vt 51201.0 2048.9
vt 51201.0 4097.0
vt 51841.0 3329.0
vt 12289.0 4096.8
vt 16385.0 4096.84
vt 16385.04 8193.0
vt 12289.0 8193.0
vt 14849.0 5632.84
vt 13825.0 5632.84
vt 13825.0 6657.0
vt 14849.0 6657.0

usemtl concrete/concretefloor031a
f 813/2411 814/2412 810/2413 811/2414 
f 812/2415 807/2416 808/2417 809/2418 
f 814/2419 813/2420 807/2421 812/2422 
f 811/2423 810/2424 809/2425 808/2426 
f 810/2427 814/2428 812/2429 809/2430 
f 813/2431 811/2432 808/2433 807/2434 


o 94

v -3072.0 1805.0 5120.0
v -2624.0 1805.0 5120.0
v -3072.0 1805.0 5104.0
v -3072.0 2496.0 5120.0
v -2624.0 1805.0 5104.0
v -2624.0 2496.0 5120.0
v -3072.0 2496.0 5104.0
v -2624.0 2496.0 5104.0

vt -9983.0 20417.0
vt -7219.0 20417.0
vt -7219.0 20481.0
vt -9983.0 20481.0
vt -7219.0 20417.0
vt -9983.0 20417.0
vt -9983.0 20481.0
vt -7219.0 20481.0
vt 12289.0 20417.0
vt 10497.0 20417.0
vt 10497.0 20481.0
vt 12289.0 20481.0
vt 10497.0 20417.0
vt 12289.0 20417.0
vt 12289.0 20481.0
vt 10497.0 20481.0
vt 10497.0 7221.0
vt 12289.0 7221.0
vt 12289.0 9985.0
vt 10497.0 9985.0
vt 6145.0 3611.0
vt 5249.0 3611.0
vt 5249.0 4993.0
vt 6145.0 4993.0

usemtl concrete/concretefloor031a
f 821/2435 817/2436 815/2437 818/2438 
f 819/2439 822/2440 820/2441 816/2442 
f 817/2443 819/2444 816/2445 815/2446 
f 822/2447 821/2448 818/2449 820/2450 
f 819/2451 817/2452 821/2453 822/2454 
f 815/2455 816/2456 820/2457 818/2458 


o 95

v 185.0 -3691.0 -11328.0
v 185.0 -3691.0 -10752.0
v 192.0 -3691.0 -11328.0
v 192.0 -3691.0 -10752.0
v 185.0 -1429.0 -11328.0
v 185.0 -1429.0 -10752.0
v 192.0 -1429.0 -11328.0
v 192.0 -1429.0 -10752.0

vt -5715.0 -45311.0
vt -14763.0 -45311.0
vt -14763.0 -43007.0
vt -5715.0 -43007.0
vt -24605.666666666668 -45311.0
vt -9525.666666666668 -45311.0
vt -9525.666666666668 -43007.0
vt -24605.666666666668 -43007.0
vt 45313.0 -739.0
vt 45313.0 -767.0
vt 43009.0 -767.0
vt 43009.0 -739.0
vt 45313.0 -767.0
vt 45313.0 -739.0
vt 43009.0 -739.0
vt 43009.0 -767.0
vt -767.0 -14763.0
vt -739.0 -14763.0
vt -739.0 -5715.0
vt -767.0 -5715.0
vt -739.0 -14763.0
vt -767.0 -14763.0
vt -767.0 -5715.0
vt -739.0 -5715.0

usemtl concrete/concretefloor026a
f 827/2459 823/2460 824/2461 828/2462 
usemtl concrete/concretewall046d
f 825/2463 829/2464 830/2465 826/2466 
usemtl metal/metalhull010b
f 823/2467 825/2468 826/2469 824/2470 
f 829/2471 827/2472 828/2473 830/2474 
usemtl concrete/concretefloor026a
f 825/2475 823/2476 827/2477 829/2478 
f 824/2479 826/2480 830/2481 828/2482 


o 96

v 185.0 -3691.0 -10752.0
v 185.0 -3691.0 -10688.0
v 192.0 -3691.0 -10752.0
v 192.0 -3691.0 -10688.0
v 185.0 -1429.0 -10752.0
v 185.0 -1429.0 -10688.0
v 192.0 -1429.0 -10752.0
v 192.0 -1429.0 -10688.0

vt -767.0 -14763.0
vt -739.0 -14763.0
vt -739.0 -5715.0
vt -767.0 -5715.0
vt -739.0 -14763.0
vt -767.0 -14763.0
vt -767.0 -5715.0
vt -739.0 -5715.0
vt -5715.0 -43007.0
vt -14763.0 -43007.0
vt -14763.0 -42751.0
vt -5715.0 -42751.0
vt -24605.666666666668 -43007.0
vt -9525.666666666668 -43007.0
vt -9525.666666666668 -42751.0
vt -24605.666666666668 -42751.0
vt -739.0 -43007.0
vt -767.0 -43007.0
vt -767.0 -42751.0
vt -739.0 -42751.0
vt -767.0 -43007.0
vt -739.0 -43007.0
vt -739.0 -42751.0
vt -767.0 -42751.0

usemtl concrete/concretefloor026a
f 833/2483 831/2484 835/2485 837/2486 
usemtl metal/metalwall042a
f 832/2487 834/2488 838/2489 836/2490 
usemtl concrete/concretefloor026a
f 835/2491 831/2492 832/2493 836/2494 
usemtl concrete/concretewall046c
f 833/2495 837/2496 838/2497 834/2498 
usemtl metal/metalhull010b
f 831/2499 833/2500 834/2501 832/2502 
f 837/2503 835/2504 836/2505 838/2506 


o 97

v -2155.0 -1344.0 -11328.0
v -2155.0 -1344.0 -10752.0
v 107.0 -1351.0 -11328.0
v 107.0 -1351.0 -10752.0
v -2155.0 -1351.0 -11328.0
v -2155.0 -1351.0 -10752.0
v 107.0 -1344.0 -11328.0
v 107.0 -1344.0 -10752.0

vt 45313.0 5377.0
vt 45313.0 5405.0
vt 43009.0 5405.0
vt 43009.0 5377.0
vt 45313.0 5405.0
vt 45313.0 5377.0
vt 43009.0 5377.0
vt 43009.0 5405.0
vt 8621.0 -45311.0
vt -427.0 -45311.0
vt -427.0 -43007.0
vt 8621.0 -43007.0
vt -712.3333333333334 -45311.0
vt 14367.666666666668 -45311.0
vt 14367.666666666668 -43007.0
vt -712.3333333333334 -43007.0
vt -427.0 -5403.0
vt 8621.0 -5403.0
vt 8621.0 -5375.0
vt -427.0 -5375.0
vt 8621.0 -5403.0
vt -427.0 -5403.0
vt -427.0 -5375.0
vt 8621.0 -5375.0

usemtl metal/metalhull010b
f 839/2507 843/2508 844/2509 840/2510 
f 841/2511 845/2512 846/2513 842/2514 
usemtl concrete/concretefloor026a
f 843/2515 841/2516 842/2517 844/2518 
usemtl concrete/concretewall046d
f 845/2519 839/2520 840/2521 846/2522 
usemtl concrete/concretefloor026a
f 841/2523 843/2524 839/2525 845/2526 
f 844/2527 842/2528 846/2529 840/2530 


o 98

v -2155.0 -1344.0 -10752.0
v -2155.0 -1344.0 -10688.0
v 107.0 -1351.0 -10752.0
v 107.0 -1351.0 -10688.0
v -2155.0 -1351.0 -10752.0
v -2155.0 -1351.0 -10688.0
v 107.0 -1344.0 -10752.0
v 107.0 -1344.0 -10688.0

vt 5377.0 -43007.0
vt 5405.0 -43007.0
vt 5405.0 -42751.0
vt 5377.0 -42751.0
vt 5405.0 -43007.0
vt 5377.0 -43007.0
vt 5377.0 -42751.0
vt 5405.0 -42751.0
vt 8621.0 -43007.0
vt -427.0 -43007.0
vt -427.0 -42751.0
vt 8621.0 -42751.0
vt -712.3333333333334 -43007.0
vt 14367.666666666668 -43007.0
vt 14367.666666666668 -42751.0
vt -712.3333333333334 -42751.0
vt -427.0 -5403.0
vt 8621.0 -5403.0
vt 8621.0 -5375.0
vt -427.0 -5375.0
vt 8621.0 -5403.0
vt -427.0 -5403.0
vt -427.0 -5375.0
vt 8621.0 -5375.0

usemtl metal/metalhull010b
f 847/2531 851/2532 852/2533 848/2534 
f 849/2535 853/2536 854/2537 850/2538 
usemtl concrete/concretefloor026a
f 851/2539 849/2540 850/2541 852/2542 
usemtl concrete/concretewall046c
f 853/2543 847/2544 848/2545 854/2546 
usemtl concrete/concretefloor026a
f 849/2547 851/2548 847/2549 853/2550 
usemtl metal/metalwall042a
f 852/2551 850/2552 854/2553 848/2554 


o 99

v -2368.0 405.0 -10752.0
v -2368.0 405.0 -10688.0
v -2375.0 405.0 -10752.0
v -2375.0 405.0 -10688.0
v -2368.0 2667.0 -10752.0
v -2368.0 2667.0 -10688.0
v -2375.0 2667.0 -10752.0
v -2375.0 2667.0 -10688.0

vt 9501.0 -43007.0
vt 9473.0 -43007.0
vt 9473.0 -42751.0
vt 9501.0 -42751.0
vt 9473.0 -43007.0
vt 9501.0 -43007.0
vt 9501.0 -42751.0
vt 9473.0 -42751.0
vt 9473.0 1621.0
vt 9501.0 1621.0
vt 9501.0 10669.0
vt 9473.0 10669.0
vt 9501.0 1621.0
vt 9473.0 1621.0
vt 9473.0 10669.0
vt 9501.0 10669.0
vt 10669.0 -43007.0
vt 1621.0 -43007.0
vt 1621.0 -42751.0
vt 10669.0 -42751.0
vt 2701.0 -43007.0
vt 17781.0 -43007.0
vt 17781.0 -42751.0
vt 2701.0 -42751.0

usemtl metal/metalhull010b
f 857/2555 855/2556 856/2557 858/2558 
f 859/2559 861/2560 862/2561 860/2562 
usemtl concrete/concretefloor026a
f 855/2563 857/2564 861/2565 859/2566 
usemtl metal/metalwall042a
f 858/2567 856/2568 860/2569 862/2570 
usemtl concrete/concretefloor026a
f 861/2571 857/2572 858/2573 862/2574 
usemtl concrete/concretewall046c
f 855/2575 859/2576 860/2577 856/2578 


o 100

v -2368.0 405.0 -11328.0
v -2368.0 405.0 -10752.0
v -2375.0 405.0 -11328.0
v -2375.0 405.0 -10752.0
v -2368.0 2667.0 -11328.0
v -2368.0 2667.0 -10752.0
v -2375.0 2667.0 -11328.0
v -2375.0 2667.0 -10752.0

vt 10669.0 -45311.0
vt 1621.0 -45311.0
vt 1621.0 -43007.0
vt 10669.0 -43007.0
vt 2701.0 -45311.0
vt 17781.0 -45311.0
vt 17781.0 -43007.0
vt 2701.0 -43007.0
vt 45313.0 9501.0
vt 45313.0 9473.0
vt 43009.0 9473.0
vt 43009.0 9501.0
vt 45313.0 9473.0
vt 45313.0 9501.0
vt 43009.0 9501.0
vt 43009.0 9473.0
vt 9473.0 1621.0
vt 9501.0 1621.0
vt 9501.0 10669.0
vt 9473.0 10669.0
vt 9501.0 1621.0
vt 9473.0 1621.0
vt 9473.0 10669.0
vt 9501.0 10669.0

usemtl concrete/concretefloor026a
f 869/2579 865/2580 866/2581 870/2582 
usemtl concrete/concretewall046d
f 863/2583 867/2584 868/2585 864/2586 
usemtl metal/metalhull010b
f 865/2587 863/2588 864/2589 866/2590 
f 867/2591 869/2592 870/2593 868/2594 
usemtl concrete/concretefloor026a
f 863/2595 865/2596 869/2597 867/2598 
f 866/2599 864/2600 868/2601 870/2602 


o 101

v -4715.0 2745.0 -11328.0
v -4715.0 2745.0 -10752.0
v -2453.0 2745.0 -11328.0
v -2453.0 2745.0 -10752.0
v -4715.0 2752.0 -11328.0
v -4715.0 2752.0 -10752.0
v -2453.0 2752.0 -11328.0
v -2453.0 2752.0 -10752.0

vt 45313.0 -11007.0
vt 45313.0 -10979.0
vt 43009.0 -10979.0
vt 43009.0 -11007.0
vt 45313.0 -10979.0
vt 45313.0 -11007.0
vt 43009.0 -11007.0
vt 43009.0 -10979.0
vt 18861.0 -45311.0
vt 9813.0 -45311.0
vt 9813.0 -43007.0
vt 18861.0 -43007.0
vt 16354.333333333334 -45311.0
vt 31434.333333333336 -45311.0
vt 31434.333333333336 -43007.0
vt 16354.333333333334 -43007.0
vt 9813.0 10981.0
vt 18861.0 10981.0
vt 18861.0 11009.0
vt 9813.0 11009.0
vt 18861.0 10981.0
vt 9813.0 10981.0
vt 9813.0 11009.0
vt 18861.0 11009.0

usemtl metal/metalhull010b
f 875/2603 871/2604 872/2605 876/2606 
f 873/2607 877/2608 878/2609 874/2610 
usemtl concrete/concretefloor026a
f 871/2611 873/2612 874/2613 872/2614 
usemtl concrete/concretewall046d
f 877/2615 875/2616 876/2617 878/2618 
usemtl concrete/concretefloor026a
f 873/2619 871/2620 875/2621 877/2622 
f 872/2623 874/2624 878/2625 876/2626 


o 102

v -4715.0 2745.0 -10752.0
v -4715.0 2745.0 -10688.0
v -2453.0 2745.0 -10752.0
v -2453.0 2745.0 -10688.0
v -4715.0 2752.0 -10752.0
v -4715.0 2752.0 -10688.0
v -2453.0 2752.0 -10752.0
v -2453.0 2752.0 -10688.0

vt -11007.0 -43007.0
vt -10979.0 -43007.0
vt -10979.0 -42751.0
vt -11007.0 -42751.0
vt -10979.0 -43007.0
vt -11007.0 -43007.0
vt -11007.0 -42751.0
vt -10979.0 -42751.0
vt 18861.0 -43007.0
vt 9813.0 -43007.0
vt 9813.0 -42751.0
vt 18861.0 -42751.0
vt 16354.333333333334 -43007.0
vt 31434.333333333336 -43007.0
vt 31434.333333333336 -42751.0
vt 16354.333333333334 -42751.0
vt 9813.0 10981.0
vt 18861.0 10981.0
vt 18861.0 11009.0
vt 9813.0 11009.0
vt 18861.0 10981.0
vt 9813.0 10981.0
vt 9813.0 11009.0
vt 18861.0 11009.0

usemtl metal/metalhull010b
f 883/2627 879/2628 880/2629 884/2630 
f 881/2631 885/2632 886/2633 882/2634 
usemtl concrete/concretefloor026a
f 879/2635 881/2636 882/2637 880/2638 
usemtl concrete/concretewall046c
f 885/2639 883/2640 884/2641 886/2642 
usemtl concrete/concretefloor026a
f 881/2643 879/2644 883/2645 885/2646 
usemtl metal/metalwall042a
f 880/2647 882/2648 886/2649 884/2650 


o 103

v -4715.0 327.0 -10752.0
v -4715.0 327.0 -10688.0
v -2453.0 327.0 -10752.0
v -2453.0 327.0 -10688.0
v -4715.0 320.0 -10752.0
v -4715.0 320.0 -10688.0
v -2453.0 320.0 -10752.0
v -2453.0 320.0 -10688.0

vt 1309.0 -43007.0
vt 1281.0 -43007.0
vt 1281.0 -42751.0
vt 1309.0 -42751.0
vt 1281.0 -43007.0
vt 1309.0 -43007.0
vt 1309.0 -42751.0
vt 1281.0 -42751.0
vt -31432.333333333336 -43007.0
vt -16352.333333333334 -43007.0
vt -16352.333333333334 -42751.0
vt -31432.333333333336 -42751.0
vt -9811.0 -43007.0
vt -18859.0 -43007.0
vt -18859.0 -42751.0
vt -9811.0 -42751.0
vt 9813.0 1281.0
vt 18861.0 1281.0
vt 18861.0 1309.0
vt 9813.0 1309.0
vt 18861.0 1281.0
vt 9813.0 1281.0
vt 9813.0 1309.0
vt 18861.0 1309.0

usemtl metal/metalhull010b
f 887/2651 891/2652 892/2653 888/2654 
f 893/2655 889/2656 890/2657 894/2658 
usemtl concrete/concretewall046c
f 891/2659 893/2660 894/2661 892/2662 
usemtl concrete/concretefloor026a
f 889/2663 887/2664 888/2665 890/2666 
f 893/2667 891/2668 887/2669 889/2670 
usemtl metal/metalwall042a
f 892/2671 894/2672 890/2673 888/2674 


o 104

v -4715.0 327.0 -11328.0
v -4715.0 327.0 -10752.0
v -2453.0 327.0 -11328.0
v -2453.0 327.0 -10752.0
v -4715.0 320.0 -11328.0
v -4715.0 320.0 -10752.0
v -2453.0 320.0 -11328.0
v -2453.0 320.0 -10752.0

vt 9813.0 1281.0
vt 18861.0 1281.0
vt 18861.0 1309.0
vt 9813.0 1309.0
vt 18861.0 1281.0
vt 9813.0 1281.0
vt 9813.0 1309.0
vt 18861.0 1309.0
vt 45313.0 1309.0
vt 45313.0 1281.0
vt 43009.0 1281.0
vt 43009.0 1309.0
vt 45313.0 1281.0
vt 45313.0 1309.0
vt 43009.0 1309.0
vt 43009.0 1281.0
vt -31432.333333333336 -45311.0
vt -16352.333333333334 -45311.0
vt -16352.333333333334 -43007.0
vt -31432.333333333336 -43007.0
vt -9811.0 -45311.0
vt -18859.0 -45311.0
vt -18859.0 -43007.0
vt -9811.0 -43007.0

usemtl concrete/concretefloor026a
f 901/2675 899/2676 895/2677 897/2678 
f 900/2679 902/2680 898/2681 896/2682 
usemtl metal/metalhull010b
f 895/2683 899/2684 900/2685 896/2686 
f 901/2687 897/2688 898/2689 902/2690 
usemtl concrete/concretewall046d
f 899/2691 901/2692 902/2693 900/2694 
usemtl concrete/concretefloor026a
f 897/2695 895/2696 896/2697 898/2698 


o 105

v -2233.0 -3691.0 -10752.0
v -2233.0 -3691.0 -10688.0
v -2240.0 -3691.0 -10752.0
v -2240.0 -3691.0 -10688.0
v -2233.0 -1429.0 -10752.0
v -2233.0 -1429.0 -10688.0
v -2240.0 -1429.0 -10752.0
v -2240.0 -1429.0 -10688.0

vt 9527.666666666668 -43007.0
vt 24607.666666666668 -43007.0
vt 24607.666666666668 -42751.0
vt 9527.666666666668 -42751.0
vt 14765.0 -43007.0
vt 5717.0 -43007.0
vt 5717.0 -42751.0
vt 14765.0 -42751.0
vt -8959.0 -43007.0
vt -8931.0 -43007.0
vt -8931.0 -42751.0
vt -8959.0 -42751.0
vt -8931.0 -43007.0
vt -8959.0 -43007.0
vt -8959.0 -42751.0
vt -8931.0 -42751.0
vt 8933.0 -14763.0
vt 8961.0 -14763.0
vt 8961.0 -5715.0
vt 8933.0 -5715.0
vt 8961.0 -14763.0
vt 8933.0 -14763.0
vt 8933.0 -5715.0
vt 8961.0 -5715.0

usemtl concrete/concretewall046c
f 909/2699 905/2700 906/2701 910/2702 
usemtl concrete/concretefloor026a
f 903/2703 907/2704 908/2705 904/2706 
usemtl metal/metalhull010b
f 905/2707 903/2708 904/2709 906/2710 
f 907/2711 909/2712 910/2713 908/2714 
usemtl concrete/concretefloor026a
f 903/2715 905/2716 909/2717 907/2718 
usemtl metal/metalwall042a
f 906/2719 904/2720 908/2721 910/2722 


o 106

v -2233.0 -3691.0 -11328.0
v -2233.0 -3691.0 -10752.0
v -2240.0 -3691.0 -11328.0
v -2240.0 -3691.0 -10752.0
v -2233.0 -1429.0 -11328.0
v -2233.0 -1429.0 -10752.0
v -2240.0 -1429.0 -11328.0
v -2240.0 -1429.0 -10752.0

vt 9527.666666666668 -45311.0
vt 24607.666666666668 -45311.0
vt 24607.666666666668 -43007.0
vt 9527.666666666668 -43007.0
vt 14765.0 -45311.0
vt 5717.0 -45311.0
vt 5717.0 -43007.0
vt 14765.0 -43007.0
vt 45313.0 -8959.0
vt 45313.0 -8931.0
vt 43009.0 -8931.0
vt 43009.0 -8959.0
vt 45313.0 -8931.0
vt 45313.0 -8959.0
vt 43009.0 -8959.0
vt 43009.0 -8931.0
vt 8933.0 -14763.0
vt 8961.0 -14763.0
vt 8961.0 -5715.0
vt 8933.0 -5715.0
vt 8961.0 -14763.0
vt 8933.0 -14763.0
vt 8933.0 -5715.0
vt 8961.0 -5715.0

usemtl concrete/concretewall046d
f 917/2723 913/2724 914/2725 918/2726 
usemtl concrete/concretefloor026a
f 911/2727 915/2728 916/2729 912/2730 
usemtl metal/metalhull010b
f 913/2731 911/2732 912/2733 914/2734 
f 915/2735 917/2736 918/2737 916/2738 
usemtl concrete/concretefloor026a
f 911/2739 913/2740 917/2741 915/2742 
f 914/2743 912/2744 916/2745 918/2746 


o 107

v -2155.0 -3776.0 -10752.0
v -2155.0 -3776.0 -10688.0
v 107.0 -3776.0 -10752.0
v 107.0 -3776.0 -10688.0
v -2155.0 -3769.0 -10752.0
v -2155.0 -3769.0 -10688.0
v 107.0 -3769.0 -10752.0
v 107.0 -3769.0 -10688.0

vt -14365.666666666668 -43007.0
vt 714.3333333333334 -43007.0
vt 714.3333333333334 -42751.0
vt -14365.666666666668 -42751.0
vt 429.0 -43007.0
vt -8619.0 -43007.0
vt -8619.0 -42751.0
vt 429.0 -42751.0
vt -427.0 -15103.0
vt 8621.0 -15103.0
vt 8621.0 -15075.0
vt -427.0 -15075.0
vt 8621.0 -15103.0
vt -427.0 -15103.0
vt -427.0 -15075.0
vt 8621.0 -15075.0
vt -15075.0 -43007.0
vt -15103.0 -43007.0
vt -15103.0 -42751.0
vt -15075.0 -42751.0
vt -15103.0 -43007.0
vt -15075.0 -43007.0
vt -15075.0 -42751.0
vt -15103.0 -42751.0

usemtl concrete/concretewall046c
f 919/2747 921/2748 922/2749 920/2750 
usemtl concrete/concretefloor026a
f 925/2751 923/2752 924/2753 926/2754 
f 921/2755 919/2756 923/2757 925/2758 
usemtl metal/metalwall042a
f 920/2759 922/2760 926/2761 924/2762 
usemtl metal/metalhull010b
f 923/2763 919/2764 920/2765 924/2766 
f 921/2767 925/2768 926/2769 922/2770 


o 108

v -2155.0 -3776.0 -11328.0
v -2155.0 -3776.0 -10752.0
v 107.0 -3776.0 -11328.0
v 107.0 -3776.0 -10752.0
v -2155.0 -3769.0 -11328.0
v -2155.0 -3769.0 -10752.0
v 107.0 -3769.0 -11328.0
v 107.0 -3769.0 -10752.0

vt 45313.0 -15075.0
vt 45313.0 -15103.0
vt 43009.0 -15103.0
vt 43009.0 -15075.0
vt 45313.0 -15103.0
vt 45313.0 -15075.0
vt 43009.0 -15075.0
vt 43009.0 -15103.0
vt -14365.666666666668 -45311.0
vt 714.3333333333334 -45311.0
vt 714.3333333333334 -43007.0
vt -14365.666666666668 -43007.0
vt 429.0 -45311.0
vt -8619.0 -45311.0
vt -8619.0 -43007.0
vt 429.0 -43007.0
vt -427.0 -15103.0
vt 8621.0 -15103.0
vt 8621.0 -15075.0
vt -427.0 -15075.0
vt 8621.0 -15103.0
vt -427.0 -15103.0
vt -427.0 -15075.0
vt 8621.0 -15075.0

usemtl metal/metalhull010b
f 931/2771 927/2772 928/2773 932/2774 
f 929/2775 933/2776 934/2777 930/2778 
usemtl concrete/concretewall046d
f 927/2779 929/2780 930/2781 928/2782 
usemtl concrete/concretefloor026a
f 933/2783 931/2784 932/2785 934/2786 
f 929/2787 927/2788 931/2789 933/2790 
f 928/2791 930/2792 934/2793 932/2794 


o 109

v -4793.0 2667.0 -10752.0
v -4793.0 2667.0 -10688.0
v -4800.0 2667.0 -10752.0
v -4800.0 2667.0 -10688.0
v -4793.0 405.0 -10752.0
v -4793.0 405.0 -10688.0
v -4800.0 405.0 -10752.0
v -4800.0 405.0 -10688.0

vt -17779.0 -43007.0
vt -2699.0 -43007.0
vt -2699.0 -42751.0
vt -17779.0 -42751.0
vt -1619.0 -43007.0
vt -10667.0 -43007.0
vt -10667.0 -42751.0
vt -1619.0 -42751.0
vt -19199.0 -43007.0
vt -19171.0 -43007.0
vt -19171.0 -42751.0
vt -19199.0 -42751.0
vt -19171.0 -43007.0
vt -19199.0 -43007.0
vt -19199.0 -42751.0
vt -19171.0 -42751.0
vt 19173.0 1621.0
vt 19201.0 1621.0
vt 19201.0 10669.0
vt 19173.0 10669.0
vt 19201.0 1621.0
vt 19173.0 1621.0
vt 19173.0 10669.0
vt 19201.0 10669.0

usemtl concrete/concretewall046c
f 937/2795 941/2796 942/2797 938/2798 
usemtl concrete/concretefloor026a
f 939/2799 935/2800 936/2801 940/2802 
usemtl metal/metalhull010b
f 941/2803 939/2804 940/2805 942/2806 
f 935/2807 937/2808 938/2809 936/2810 
usemtl concrete/concretefloor026a
f 939/2811 941/2812 937/2813 935/2814 
usemtl metal/metalwall042a
f 942/2815 940/2816 936/2817 938/2818 


o 110

v -4793.0 2667.0 -11328.0
v -4793.0 2667.0 -10752.0
v -4800.0 2667.0 -11328.0
v -4800.0 2667.0 -10752.0
v -4793.0 405.0 -11328.0
v -4793.0 405.0 -10752.0
v -4800.0 405.0 -11328.0
v -4800.0 405.0 -10752.0

vt -17779.0 -45311.0
vt -2699.0 -45311.0
vt -2699.0 -43007.0
vt -17779.0 -43007.0
vt -1619.0 -45311.0
vt -10667.0 -45311.0
vt -10667.0 -43007.0
vt -1619.0 -43007.0
vt 45313.0 -19199.0
vt 45313.0 -19171.0
vt 43009.0 -19171.0
vt 43009.0 -19199.0
vt 45313.0 -19171.0
vt 45313.0 -19199.0
vt 43009.0 -19199.0
vt 43009.0 -19171.0
vt 19173.0 1621.0
vt 19201.0 1621.0
vt 19201.0 10669.0
vt 19173.0 10669.0
vt 19201.0 1621.0
vt 19173.0 1621.0
vt 19173.0 10669.0
vt 19201.0 10669.0

usemtl concrete/concretewall046d
f 945/2819 949/2820 950/2821 946/2822 
usemtl concrete/concretefloor026a
f 947/2823 943/2824 944/2825 948/2826 
usemtl metal/metalhull010b
f 949/2827 947/2828 948/2829 950/2830 
f 943/2831 945/2832 946/2833 944/2834 
usemtl concrete/concretefloor026a
f 947/2835 949/2836 945/2837 943/2838 
f 950/2839 948/2840 944/2841 946/2842 


o 281

v -4715.0 2745.0 -320.0
v -4715.0 2745.0 3584.0
v -2453.0 2745.0 -320.0
v -2453.0 2745.0 3584.0
v -4715.0 2752.0 -320.0
v -4715.0 2752.0 3584.0
v -2453.0 2752.0 -320.0
v -2453.0 2752.0 3584.0

vt -18859.0 -1279.0
vt -9811.0 -1279.0
vt -9811.0 14337.0
vt -18859.0 14337.0
vt -5451.000111111111 -1279.0
vt -10477.666777777777 -1279.0
vt -10477.666777777777 14337.0
vt -5451.000111111111 14337.0
vt -10979.0 -1279.0
vt -11007.0 -1279.0
vt -11007.0 14337.0
vt -10979.0 14337.0
vt -11007.0 -1279.0
vt -10979.0 -1279.0
vt -10979.0 14337.0
vt -11007.0 14337.0
vt 10981.0 9813.0
vt 10981.0 18861.0
vt 11009.0 18861.0
vt 11009.0 9813.0
vt -10979.0 18861.0
vt -10979.0 9813.0
vt -11007.0 9813.0
vt -11007.0 18861.0

usemtl metal/metalhull010b
f 951/2843 953/2844 954/2845 952/2846 
usemtl metal/metalwall102a
f 957/2847 955/2848 956/2849 958/2850 
usemtl metal/metalhull010b
f 953/2851 957/2852 958/2853 954/2854 
f 955/2855 951/2856 952/2857 956/2858 
usemtl tools/toolsblack
f 953/2859 951/2860 955/2861 957/2862 
usemtl metal/metalwall042a
f 952/2863 954/2864 958/2865 956/2866 


o 282

v -4715.0 2745.0 3584.0
v -4715.0 2745.0 4544.0
v -2453.0 2745.0 3584.0
v -2453.0 2745.0 4544.0
v -4715.0 2752.0 3584.0
v -4715.0 2752.0 4544.0
v -2453.0 2752.0 3584.0
v -2453.0 2752.0 4544.0

vt -18859.0 14337.0
vt -9811.0 14337.0
vt -9811.0 18177.0
vt -18859.0 18177.0
vt -5451.000111111111 14337.0
vt -10477.666777777777 14337.0
vt -10477.666777777777 18177.0
vt -5451.000111111111 18177.0
vt -10979.0 14337.0
vt -11007.0 14337.0
vt -11007.0 18177.0
vt -10979.0 18177.0
vt -11007.0 14337.0
vt -10979.0 14337.0
vt -10979.0 18177.0
vt -11007.0 18177.0
vt 10981.0 9813.0
vt 10981.0 18861.0
vt 11009.0 18861.0
vt 11009.0 9813.0
vt -10979.0 18861.0
vt -10979.0 9813.0
vt -11007.0 9813.0
vt -11007.0 18861.0

usemtl metal/metalhull010b
f 959/2867 961/2868 962/2869 960/2870 
usemtl metal/metalwall102a
f 965/2871 963/2872 964/2873 966/2874 
usemtl metal/metalhull010b
f 961/2875 965/2876 966/2877 962/2878 
f 963/2879 959/2880 960/2881 964/2882 
usemtl tools/toolsblack
f 961/2883 959/2884 963/2885 965/2886 
usemtl metal/metalwall042a
f 960/2887 962/2888 966/2889 964/2890 


o 112

v -3664.0 1600.0 6288.0
v -3664.0 1472.0 6288.0
v -3648.0 1600.0 6340.0
v -3648.0 1472.0 6340.0
v -3648.0 1472.0 6288.0
v -3648.0 1600.0 6288.0
v -3664.0 1472.0 6340.0
v -3664.0 1600.0 6340.0

vt -6399.0 25153.0
vt -5887.0 25153.0
vt -5887.0 25361.0
vt -6399.0 25361.0
vt -5887.0 25153.0
vt -6399.0 25153.0
vt -6399.0 25361.0
vt -5887.0 25361.0
vt 14657.0 25153.0
vt 14593.0 25153.0
vt 14593.0 25361.0
vt 14657.0 25361.0
vt -14591.0 25153.0
vt -14655.0 25153.0
vt -14655.0 25361.0
vt -14591.0 25361.0
vt 14593.0 5889.0
vt 14657.0 5889.0
vt 14657.0 6401.0
vt 14593.0 6401.0
vt 14657.0 5889.0
vt 14593.0 5889.0
vt 14593.0 6401.0
vt 14657.0 6401.0

usemtl metal/metalhull010b
f 967/2891 968/2892 973/2893 974/2894 
f 971/2895 972/2896 969/2897 970/2898 
usemtl metal/metalhull002a
f 968/2899 971/2900 970/2901 973/2902 
f 972/2903 967/2904 974/2905 969/2906 
usemtl metal/metalhull010b
f 971/2907 968/2908 967/2909 972/2910 
f 973/2911 970/2912 969/2913 974/2914 


o 114

v -3680.0 1488.0 6328.0
v -3664.0 1504.0 6328.0
v -3680.0 1504.0 6336.0
v -3664.0 1488.0 6328.0
v -3680.0 1488.0 6336.0
v -3664.0 1504.0 6336.0
v -3664.0 1488.0 6336.0
v -3680.0 1504.0 6328.0

vt -6015.0 25313.0
vt -5951.0 25313.0
vt -5951.0 25345.0
vt -6015.0 25345.0
vt -5951.0 25313.0
vt -6015.0 25313.0
vt -6015.0 25345.0
vt -5951.0 25345.0
vt 14721.0 25313.0
vt 14657.0 25313.0
vt 14657.0 25345.0
vt 14721.0 25345.0
vt 14657.0 25313.0
vt 14721.0 25313.0
vt 14721.0 25345.0
vt 14657.0 25345.0
vt -5951.0 14657.0
vt -5951.0 14721.0
vt -6015.0 14721.0
vt -6015.0 14657.0
vt -5951.0 14721.0
vt -5951.0 14657.0
vt -6015.0 14657.0
vt -6015.0 14721.0

usemtl metal/metalhull002a
f 982/2915 975/2916 979/2917 977/2918 
f 978/2919 976/2920 980/2921 981/2922 
usemtl metal/metalwall074a
f 975/2923 978/2924 981/2925 979/2926 
f 976/2927 982/2928 977/2929 980/2930 
usemtl metal/metaltruss019a
f 978/2931 975/2932 982/2933 976/2934 
f 979/2935 981/2936 980/2937 977/2938 


o 116

v -3616.0 1616.0 6328.0
v -3632.0 1616.0 6336.0
v -3616.0 1632.0 6336.0
v -3616.0 1616.0 6336.0
v -3632.0 1632.0 6328.0
v -3632.0 1616.0 6328.0
v -3616.0 1632.0 6328.0
v -3632.0 1632.0 6336.0

vt 14465.0 6465.0
vt 14529.0 6465.0
vt 14529.0 6529.0
vt 14465.0 6529.0
vt 14529.0 6465.0
vt 14465.0 6465.0
vt 14465.0 6529.0
vt 14529.0 6529.0
vt -6527.0 25313.0
vt -6463.0 25313.0
vt -6463.0 25345.0
vt -6527.0 25345.0
vt -6463.0 25313.0
vt -6527.0 25313.0
vt -6527.0 25345.0
vt -6463.0 25345.0
vt 14529.0 25313.0
vt 14465.0 25313.0
vt 14465.0 25345.0
vt 14529.0 25345.0
vt -14463.0 25313.0
vt -14527.0 25313.0
vt -14527.0 25345.0
vt -14463.0 25345.0

usemtl metal/metaltruss019a
f 983/2939 988/2940 987/2941 989/2942 
f 984/2943 986/2944 985/2945 990/2946 
usemtl metal/metalwall074a
f 987/2947 988/2948 984/2949 990/2950 
f 983/2951 989/2952 985/2953 986/2954 
usemtl metal/metalhull002a
f 988/2955 983/2956 986/2957 984/2958 
f 989/2959 987/2960 990/2961 985/2962 


o 118

v -4715.0 2744.99 4992.0
v -4715.0 2667.0 5134.0
v -2453.0 2744.99 4992.0
v -2453.0 2667.0 5134.0
v -4715.0 2667.0 4992.0
v -2453.0 2667.0 4992.0

vt -10667.0 19969.0
vt -10978.96 19969.0
vt -10667.0 20537.0
vt 18861.0 -19967.0
vt 9813.0 -19967.0
vt 9813.0 -20535.0
vt 18861.0 -20535.0
vt -9811.0 10669.0
vt -18859.0 10669.0
vt -18859.0 10980.96
vt -9811.0 10980.96
vt 18861.0 -19967.0
vt 18861.0 -20535.0
vt 9813.0 -20535.0
vt 9813.0 -19967.0
vt -10978.96 19969.0
vt -10667.0 19969.0
vt -10667.0 20537.0

usemtl metal/metalhull002a
f 996/2963 993/2964 994/2965 
usemtl metal/metalhull010b
f 995/2966 996/2967 994/2968 992/2969 
usemtl metal/metalhull002a
f 996/2970 995/2971 991/2972 993/2973 
f 991/2974 992/2975 994/2976 993/2977 
f 991/2978 995/2979 992/2980 


o 120

v -2160.0 -3648.0 5120.0
v 112.0 -3648.0 5120.0
v -2160.0 -3648.0 5112.0
v 112.0 -3648.0 5112.0
v -2160.0 -3672.0 5120.0
v 112.0 -3672.0 5120.0
v -2160.0 -3672.0 5112.0
v 112.0 -3672.0 5112.0

vt 14593.0 20449.0
vt 14689.0 20449.0
vt 14689.0 20481.0
vt 14593.0 20481.0
vt 14689.0 20449.0
vt 14593.0 20449.0
vt 14593.0 20481.0
vt 14689.0 20481.0
vt -8639.0 20449.0
vt 449.0 20449.0
vt 449.0 20481.0
vt -8639.0 20481.0
vt 449.0 20449.0
vt -8639.0 20449.0
vt -8639.0 20481.0
vt 449.0 20481.0
vt 14689.0 -447.0
vt 14689.0 8641.0
vt 14593.0 8641.0
vt 14593.0 -447.0
vt 14689.0 8641.0
vt 14689.0 -447.0
vt 14593.0 -447.0
vt 14593.0 8641.0

usemtl metal/metalhull002a
f 999/2981 1003/2982 1001/2983 997/2984 
f 1004/2985 1000/2986 998/2987 1002/2988 
usemtl metal/metalhull010b
f 1003/2989 1004/2990 1002/2991 1001/2992 
f 1000/2993 999/2994 997/2995 998/2996 
f 1004/2997 1003/2998 999/2999 1000/3000 
f 1001/3001 1002/3002 998/3003 997/3004 


o 122

v -3595.0 1483.0 5632.0
v -3595.0 1461.0 5536.0
v -3573.0 1461.0 5536.0
v -3600.0 1472.0 5536.0
v -3584.0 1488.0 5536.0
v -3568.0 1472.0 5632.0
v -3584.0 1456.0 5632.0
v -3595.0 1483.0 5536.0
v -3573.0 1483.0 5632.0
v -3568.0 1472.0 5536.0
v -3584.0 1456.0 5536.0
v -3573.0 1483.0 5536.0
v -3595.0 1460.99 5632.0
v -3573.0 1461.0 5632.0
v -3600.0 1472.0 5632.0
v -3584.0 1488.0 5632.0

vt 14293.0 22145.0
vt 14337.0 22145.0
vt 14337.0 22529.0
vt 14293.0 22529.0
vt -5887.0 22145.0
vt -5931.0 22145.0
vt -5931.0 22529.0
vt -5887.0 22529.0
vt 14293.0 5845.0
vt 14337.0 5825.0
vt 14381.0 5845.0
vt 14401.0 5889.0
vt 14381.0 5933.0
vt 14337.0 5953.0
vt 14293.0 5933.0
vt 14273.0 5889.0
vt 14381.0 5844.96
vt 14337.0 5825.0
vt 14293.0 5845.0
vt 14273.0 5889.0
vt 14293.0 5933.0
vt 14337.0 5953.0
vt 14381.0 5933.0
vt 14401.0 5889.0
vt 14381.0 22145.0
vt 14337.0 22145.0
vt 14337.0 22529.0
vt 14381.0 22529.0
vt -5887.0 22145.0
vt -5843.0 22145.0
vt -5842.96 22529.0
vt -5887.0 22529.0
vt -5931.0 22145.0
vt -5887.0 22145.0
vt -5887.0 22529.0
vt -5931.0 22529.0
vt 14337.0 22145.0
vt 14381.0 22145.0
vt 14381.0 22529.0
vt 14337.0 22529.0
vt -5843.0 22145.0
vt -5887.0 22145.0
vt -5887.0 22529.0
vt -5843.0 22529.0
vt 14337.0 22145.0
vt 14293.0 22145.0
vt 14293.0 22529.0
vt 14337.0 22529.0

usemtl metal/metalhull010b
f 1016/3005 1009/3006 1020/3007 1013/3008 
f 1014/3009 1016/3010 1013/3011 1010/3012 
f 1007/3013 1015/3014 1006/3015 1008/3016 1012/3017 1009/3018 1016/3019 1014/3020 
f 1017/3021 1011/3022 1018/3023 1010/3024 1013/3025 1020/3026 1005/3027 1019/3028 
f 1006/3029 1015/3030 1011/3031 1017/3032 
f 1008/3033 1006/3034 1017/3035 1019/3036 
f 1012/3037 1008/3038 1019/3039 1005/3040 
f 1009/3041 1012/3042 1005/3043 1020/3044 
f 1007/3045 1014/3046 1010/3047 1018/3048 
f 1015/3049 1007/3050 1018/3051 1011/3052 


o 124

v -2453.0 2745.0 4992.0
v -2375.0 2667.0 4992.0
v -2453.0 2667.0 5134.0
v -2453.0 2667.0 4992.0

vt -10979.0 19969.0
vt -10667.0 19969.0
vt -10667.0 20537.0
vt 9813.0 19969.0
vt 9501.0 19969.0
vt 9813.0 20537.0
vt -9499.0 10669.0
vt -9811.0 10669.0
vt -9811.0 10981.0
vt -9499.0 19969.0
vt -9811.0 19969.0
vt -9811.0 20537.0

usemtl metal/metalhull002a
f 1021/3053 1024/3054 1023/3055 
f 1024/3056 1022/3057 1023/3058 
usemtl metal/metalhull010b
f 1022/3059 1024/3060 1021/3061 
f 1022/3062 1021/3063 1023/3064 


o 126

v -1247.32 -1486.83 5119.75
v -1280.32 -1486.83 5115.75
v -1280.32 -1478.83 5119.75
v -1280.32 -1478.83 5115.75
v -1280.32 -1486.83 5119.75
v -1247.32 -1486.83 5115.75
v -1247.32 -1478.83 5119.75
v -1247.32 -1478.83 5115.75

vt 4990.28 -5946.32
vt 5122.28 -5946.32
vt 5122.28 -5914.32
vt 4990.28 -5914.32
vt 5122.28 -5946.32
vt 4990.28 -5946.32
vt 4990.28 -5914.32
vt 5122.28 -5914.32
vt 5916.32 20464.0
vt 5948.32 20464.0
vt 5948.32 20480.0
vt 5916.32 20480.0
vt 5948.32 20464.0
vt 5916.32 20464.0
vt 5916.32 20480.0
vt 5948.32 20480.0
vt 5122.28 20464.0
vt 4990.28 20464.0
vt 4990.28 20480.0
vt 5122.28 20480.0
vt 4990.28 20464.0
vt 5122.28 20464.0
vt 5122.28 20480.0
vt 4990.28 20480.0

usemtl metal/metalcombine002
f 1030/3065 1026/3066 1028/3067 1032/3068 
f 1029/3069 1025/3070 1031/3071 1027/3072 
f 1028/3073 1026/3074 1029/3075 1027/3076 
f 1030/3077 1032/3078 1031/3079 1025/3080 
f 1026/3081 1030/3082 1025/3083 1029/3084 
f 1032/3085 1028/3086 1027/3087 1031/3088 


o 128

v -32.0 -1424.0 5120.0
v -32.0 -1424.0 5112.0
v -8.0 -3696.0 5120.0
v -8.0 -3696.0 5112.0
v -32.0 -3696.0 5120.0
v -32.0 -3696.0 5112.0
v -8.0 -1424.0 5120.0
v -8.0 -1424.0 5112.0

vt 5697.0 20449.0
vt 14785.0 20449.0
vt 14785.0 20481.0
vt 5697.0 20481.0
vt 14785.0 20449.0
vt 5697.0 20449.0
vt 5697.0 20481.0
vt 14785.0 20481.0
vt 129.0 20449.0
vt 33.0 20449.0
vt 33.0 20481.0
vt 129.0 20481.0
vt -31.0 20449.0
vt -127.0 20449.0
vt -127.0 20481.0
vt -31.0 20481.0
vt 33.0 -14783.0
vt 129.0 -14783.0
vt 129.0 -5695.0
vt 33.0 -5695.0
vt 129.0 -14783.0
vt 33.0 -14783.0
vt 33.0 -5695.0
vt 129.0 -5695.0

usemtl metal/metalhull010b
f 1034/3089 1038/3090 1037/3091 1033/3092 
f 1036/3093 1040/3094 1039/3095 1035/3096 
usemtl metal/metalhull002a
f 1038/3097 1036/3098 1035/3099 1037/3100 
f 1040/3101 1034/3102 1033/3103 1039/3104 
usemtl metal/metalhull010b
f 1036/3105 1038/3106 1034/3107 1040/3108 
f 1037/3109 1035/3110 1039/3111 1033/3112 


o 130

v -3616.0 1440.0 6336.0
v -3632.0 1456.0 6328.0
v -3632.0 1440.0 6328.0
v -3616.0 1456.0 6328.0
v -3632.0 1456.0 6336.0
v -3616.0 1440.0 6328.0
v -3632.0 1440.0 6336.0
v -3616.0 1456.0 6336.0

vt -5823.0 25313.0
vt -5759.0 25313.0
vt -5759.0 25345.0
vt -5823.0 25345.0
vt -5759.0 25313.0
vt -5823.0 25313.0
vt -5823.0 25345.0
vt -5759.0 25345.0
vt 14529.0 25313.0
vt 14465.0 25313.0
vt 14465.0 25345.0
vt 14529.0 25345.0
vt -14463.0 25313.0
vt -14527.0 25313.0
vt -14527.0 25345.0
vt -14463.0 25345.0
vt 14465.0 5761.0
vt 14529.0 5761.0
vt 14529.0 5825.0
vt 14465.0 5825.0
vt 14529.0 5761.0
vt 14465.0 5761.0
vt 14465.0 5825.0
vt 14529.0 5825.0

usemtl metal/metalwall074a
f 1042/3113 1043/3114 1047/3115 1045/3116 
f 1046/3117 1044/3118 1048/3119 1041/3120 
usemtl metal/metalhull002a
f 1043/3121 1046/3122 1041/3123 1047/3124 
f 1044/3125 1042/3126 1045/3127 1048/3128 
usemtl metal/metaltruss019a
f 1046/3129 1043/3130 1042/3131 1044/3132 
f 1047/3133 1041/3134 1048/3135 1045/3136 


o 132

v -2568.0 1653.0 5112.0
v -2592.0 1677.0 5120.0
v -2592.0 1677.0 5112.0
v -2592.0 1653.0 5120.0
v -2568.0 1653.0 5120.0
v -2592.0 1653.0 5112.0

vt -6707.0 20449.0
vt -6611.0 20449.0
vt -6611.0 20481.0
vt -6707.0 20481.0
vt 10369.0 20449.0
vt 10273.0 20449.0
vt 10273.0 20481.0
vt 10369.0 20481.0
vt -10271.0 6613.0
vt -10367.0 6613.0
vt -10367.0 6709.0
vt -10367.0 6613.0
vt -10271.0 6613.0
vt -10367.0 6709.0
vt -6611.0 20449.0
vt -6707.0 20449.0
vt -6707.0 20481.0
vt -6611.0 20481.0

usemtl metal/metalhull010b
f 1051/3137 1054/3138 1052/3139 1050/3140 
usemtl metal/metalhull002a
f 1054/3141 1049/3142 1053/3143 1052/3144 
usemtl metal/metalhull010b
f 1049/3145 1054/3146 1051/3147 
f 1052/3148 1053/3149 1050/3150 
f 1049/3151 1051/3152 1050/3153 1053/3154 


o 134

v -3509.0 1547.0 5728.0
v -3531.0 1525.0 5824.0
v -3509.0 1525.0 5824.0
v -3536.0 1536.0 5824.0
v -3520.0 1552.0 5824.0
v -3531.0 1547.0 5824.0
v -3531.0 1525.0 5728.0
v -3509.0 1525.0 5728.0
v -3536.0 1536.0 5728.0
v -3504.0 1536.0 5824.0
v -3520.0 1520.0 5824.0
v -3520.0 1552.0 5728.0
v -3531.0 1547.0 5728.0
v -3509.0 1547.0 5824.0
v -3504.0 1536.0 5728.0
v -3520.0 1520.0 5728.0

vt -6099.0 22913.0
vt -6143.0 22913.0
vt -6143.0 23297.0
vt -6099.0 23297.0
vt 14081.0 22913.0
vt 14037.0 22913.0
vt 14037.0 23297.0
vt 14081.0 23297.0
vt 14037.0 22913.0
vt 14081.0 22913.0
vt 14081.0 23297.0
vt 14037.0 23297.0
vt -6143.0 22913.0
vt -6187.0 22913.0
vt -6187.0 23297.0
vt -6143.0 23297.0
vt 14037.0 6101.0
vt 14081.0 6081.0
vt 14125.0 6101.0
vt 14145.0 6145.0
vt 14125.0 6189.0
vt 14081.0 6209.0
vt 14037.0 6189.0
vt 14017.0 6145.0
vt 14125.0 6101.0
vt 14081.0 6081.0
vt 14037.0 6101.0
vt 14017.0 6145.0
vt 14037.0 6189.0
vt 14081.0 6209.0
vt 14125.0 6189.0
vt 14145.0 6145.0
vt 14125.0 22913.0
vt 14081.0 22913.0
vt 14081.0 23297.0
vt 14125.0 23297.0
vt -6143.0 22913.0
vt -6099.0 22913.0
vt -6099.0 23297.0
vt -6143.0 23297.0
vt -6187.0 22913.0
vt -6143.0 22913.0
vt -6143.0 23297.0
vt -6187.0 23297.0
vt 14081.0 22913.0
vt 14125.0 22913.0
vt 14125.0 23297.0
vt 14081.0 23297.0

usemtl metal/metalhull010b
f 1062/3155 1069/3156 1064/3157 1057/3158 
f 1070/3159 1062/3160 1057/3161 1065/3162 
f 1055/3163 1066/3164 1059/3165 1068/3166 
f 1069/3167 1055/3168 1068/3169 1064/3170 
f 1062/3171 1070/3172 1061/3173 1063/3174 1067/3175 1066/3176 1055/3177 1069/3178 
f 1056/3179 1065/3180 1057/3181 1064/3182 1068/3183 1059/3184 1060/3185 1058/3186 
f 1061/3187 1070/3188 1065/3189 1056/3190 
f 1063/3191 1061/3192 1056/3193 1058/3194 
f 1067/3195 1063/3196 1058/3197 1060/3198 
f 1066/3199 1067/3200 1060/3201 1059/3202 


o 136

v 107.0 -1429.0 4992.0
v 184.992 -1429.0 4992.0
v 107.0 -3691.0 4992.0
v 107.0 -1429.0 5134.0
v 107.0 -3691.0 5134.0
v 184.992 -3691.0 4992.0

vt 740.968 -14763.0
vt 429.0 -14763.0
vt 429.0 -5715.0
vt 740.968 -5715.0
vt 14765.0 -20535.0
vt 14765.0 -19967.0
vt 5717.0 -19967.0
vt 5717.0 -20535.0
vt 5717.0 -19967.0
vt 14765.0 -19967.0
vt 14765.0 -20535.0
vt 5717.0 -20535.0
vt -427.0 19969.0
vt -738.968 19969.0
vt -427.0 20537.0
vt 740.968 19969.0
vt 429.0 19969.0
vt 429.0 20537.0

usemtl metal/metalhull002a
f 1076/3203 1073/3204 1071/3205 1072/3206 
f 1075/3207 1076/3208 1072/3209 1074/3210 
usemtl metal/metalhull010b
f 1071/3211 1073/3212 1075/3213 1074/3214 
usemtl metal/metalhull002a
f 1073/3215 1076/3216 1075/3217 
f 1072/3218 1071/3219 1074/3220 


o 138

v -4600.0 400.0 5120.0
v -4600.0 400.0 5112.0
v -4576.0 2672.0 5120.0
v -4576.0 2672.0 5112.0
v -4600.0 2672.0 5120.0
v -4600.0 2672.0 5112.0
v -4576.0 400.0 5120.0
v -4576.0 400.0 5112.0

vt -10687.0 20449.0
vt -1599.0 20449.0
vt -1599.0 20481.0
vt -10687.0 20481.0
vt -1599.0 20449.0
vt -10687.0 20449.0
vt -10687.0 20481.0
vt -1599.0 20481.0
vt 18401.0 20449.0
vt 18305.0 20449.0
vt 18305.0 20481.0
vt 18401.0 20481.0
vt -18303.0 20449.0
vt -18399.0 20449.0
vt -18399.0 20481.0
vt -18303.0 20481.0
vt 18305.0 1601.0
vt 18401.0 1601.0
vt 18401.0 10689.0
vt 18305.0 10689.0
vt 18401.0 1601.0
vt 18305.0 1601.0
vt 18305.0 10689.0
vt 18401.0 10689.0

usemtl metal/metalhull010b
f 1082/3221 1078/3222 1077/3223 1081/3224 
f 1084/3225 1080/3226 1079/3227 1083/3228 
usemtl metal/metalhull002a
f 1078/3229 1084/3230 1083/3231 1077/3232 
f 1080/3233 1082/3234 1081/3235 1079/3236 
usemtl metal/metalhull010b
f 1084/3237 1078/3238 1082/3239 1080/3240 
f 1077/3241 1083/3242 1079/3243 1081/3244 


o 140

v -3660.0 1460.0 5440.0
v -3636.0 1484.0 5440.0
v -3660.0 1460.0 6340.0
v -3636.0 1484.0 6340.0
v -3636.0 1460.0 5440.0
v -3636.0 1460.0 6340.0
v -3648.0 1456.0 5440.0
v -3632.0 1472.0 5440.0
v -3648.0 1456.0 6340.0
v -3632.0 1472.0 6340.0
v -3660.0 1484.0 5440.0
v -3660.0 1484.0 6340.0
v -3664.0 1472.0 5440.0
v -3648.0 1488.0 5440.0
v -3648.0 1488.0 6340.0
v -3664.0 1472.0 6340.0

vt 14545.0 5841.0
vt 14593.0 5825.0
vt 14641.0 5841.0
vt 14657.0 5889.0
vt 14641.0 5937.0
vt 14593.0 5953.0
vt 14545.0 5937.0
vt 14529.0 5889.0
vt 14641.0 5841.0
vt 14593.0 5825.0
vt 14545.0 5841.0
vt 14529.0 5889.0
vt 14545.0 5937.0
vt 14593.0 5953.0
vt 14641.0 5937.0
vt 14657.0 5889.0
vt 14641.0 21761.0
vt 14593.0 21761.0
vt 14593.0 25361.0
vt 14641.0 25361.0
vt -5887.0 21761.0
vt -5839.0 21761.0
vt -5839.0 25361.0
vt -5887.0 25361.0
vt -5935.0 21761.0
vt -5887.0 21761.0
vt -5887.0 25361.0
vt -5935.0 25361.0
vt 14593.0 21761.0
vt 14641.0 21761.0
vt 14641.0 25361.0
vt 14593.0 25361.0
vt -5839.0 21761.0
vt -5887.0 21761.0
vt -5887.0 25361.0
vt -5839.0 25361.0
vt 14593.0 21761.0
vt 14545.0 21761.0
vt 14545.0 25361.0
vt 14593.0 25361.0
vt 14545.0 21761.0
vt 14593.0 21761.0
vt 14593.0 25361.0
vt 14545.0 25361.0
vt -5887.0 21761.0
vt -5935.0 21761.0
vt -5935.0 25361.0
vt -5887.0 25361.0

usemtl metal/metalhull010b
f 1089/3245 1091/3246 1085/3247 1097/3248 1095/3249 1098/3250 1086/3251 1092/3252 
f 1087/3253 1093/3254 1090/3255 1094/3256 1088/3257 1099/3258 1096/3259 1100/3260 
f 1085/3261 1091/3262 1093/3263 1087/3264 
f 1097/3265 1085/3266 1087/3267 1100/3268 
f 1095/3269 1097/3270 1100/3271 1096/3272 
f 1098/3273 1095/3274 1096/3275 1099/3276 
f 1089/3277 1092/3278 1094/3279 1090/3280 
f 1091/3281 1089/3282 1090/3283 1093/3284 
f 1086/3285 1098/3286 1099/3287 1088/3288 
f 1092/3289 1086/3290 1088/3291 1094/3292 


o 142

v -3488.0 1488.0 6328.0
v -3504.0 1488.0 6336.0
v -3488.0 1504.0 6336.0
v -3488.0 1488.0 6336.0
v -3504.0 1504.0 6328.0
v -3504.0 1488.0 6328.0
v -3488.0 1504.0 6328.0
v -3504.0 1504.0 6336.0

vt -6015.0 25313.0
vt -5951.0 25313.0
vt -5951.0 25345.0
vt -6015.0 25345.0
vt -5951.0 25313.0
vt -6015.0 25313.0
vt -6015.0 25345.0
vt -5951.0 25345.0
vt 14017.0 25313.0
vt 13953.0 25313.0
vt 13953.0 25345.0
vt 14017.0 25345.0
vt 13953.0 25313.0
vt 14017.0 25313.0
vt 14017.0 25345.0
vt 13953.0 25345.0
vt -5951.0 13953.0
vt -5951.0 14017.0
vt -6015.0 14017.0
vt -6015.0 13953.0
vt -5951.0 14017.0
vt -5951.0 13953.0
vt -6015.0 13953.0
vt -6015.0 14017.0

usemtl metal/metalhull002a
f 1105/3293 1106/3294 1102/3295 1108/3296 
f 1101/3297 1107/3298 1103/3299 1104/3300 
usemtl metal/metalwall074a
f 1106/3301 1101/3302 1104/3303 1102/3304 
f 1107/3305 1105/3306 1108/3307 1103/3308 
usemtl metal/metaltruss019a
f 1101/3309 1106/3310 1105/3311 1107/3312 
f 1102/3313 1104/3314 1103/3315 1108/3316 


o 144

v -2472.0 1685.0 5112.0
v -2472.0 400.0 5120.0
v -2496.0 1685.0 5120.0
v -2472.0 400.0 5112.0
v -2496.0 1685.0 5112.0
v -2496.0 400.0 5120.0
v -2496.0 400.0 5112.0
v -2472.0 1685.0 5120.0

vt -6739.0 20449.0
vt -1599.0 20449.0
vt -1599.0 20481.0
vt -6739.0 20481.0
vt -1599.0 20449.0
vt -6739.0 20449.0
vt -6739.0 20481.0
vt -1599.0 20481.0
vt 9985.0 20449.0
vt 9889.0 20449.0
vt 9889.0 20481.0
vt 9985.0 20481.0
vt 9889.0 20449.0
vt 9985.0 20449.0
vt 9985.0 20481.0
vt 9889.0 20481.0
vt 9889.0 1601.0
vt 9985.0 1601.0
vt 9985.0 6741.0
vt 9889.0 6741.0
vt 9985.0 1601.0
vt 9889.0 1601.0
vt 9889.0 6741.0
vt 9985.0 6741.0

usemtl metal/metalhull010b
f 1113/3317 1115/3318 1114/3319 1111/3320 
f 1112/3321 1109/3322 1116/3323 1110/3324 
f 1115/3325 1112/3326 1110/3327 1114/3328 
f 1109/3329 1113/3330 1111/3331 1116/3332 
f 1112/3333 1115/3334 1113/3335 1109/3336 
f 1114/3337 1110/3338 1116/3339 1111/3340 


o 146

v -3531.0 1547.0 5632.0
v -3531.0 1525.0 5536.0
v -3509.0 1525.0 5536.0
v -3536.0 1536.0 5536.0
v -3504.0 1536.0 5632.0
v -3520.0 1552.0 5536.0
v -3520.0 1520.0 5632.0
v -3531.0 1547.0 5536.0
v -3509.0 1547.0 5632.0
v -3504.0 1536.0 5536.0
v -3520.0 1520.0 5536.0
v -3509.0 1547.0 5536.0
v -3531.0 1525.0 5632.0
v -3509.0 1525.0 5632.0
v -3536.0 1536.0 5632.0
v -3520.0 1552.0 5632.0

vt -6143.0 22145.0
vt -6187.0 22145.0
vt -6187.0 22529.0
vt -6143.0 22529.0
vt 14037.0 6101.0
vt 14081.0 6081.0
vt 14125.0 6101.0
vt 14145.0 6145.0
vt 14125.0 6189.0
vt 14081.0 6209.0
vt 14037.0 6189.0
vt 14017.0 6145.0
vt 14125.0 6101.0
vt 14081.0 6081.0
vt 14037.0 6101.0
vt 14017.0 6145.0
vt 14037.0 6189.0
vt 14081.0 6209.0
vt 14125.0 6189.0
vt 14145.0 6145.0
vt 14125.0 22145.0
vt 14081.0 22145.0
vt 14081.0 22529.0
vt 14125.0 22529.0
vt -6143.0 22145.0
vt -6099.0 22145.0
vt -6099.0 22529.0
vt -6143.0 22529.0
vt -6187.0 22145.0
vt -6143.0 22145.0
vt -6143.0 22529.0
vt -6187.0 22529.0
vt 14081.0 22145.0
vt 14125.0 22145.0
vt 14125.0 22529.0
vt 14081.0 22529.0
vt -6099.0 22145.0
vt -6143.0 22145.0
vt -6143.0 22529.0
vt -6099.0 22529.0
vt 14081.0 22145.0
vt 14037.0 22145.0
vt 14037.0 22529.0
vt 14081.0 22529.0
vt 14037.0 22145.0
vt 14081.0 22145.0
vt 14081.0 22529.0
vt 14037.0 22529.0

usemtl metal/metalhull010b
f 1126/3341 1128/3342 1125/3343 1121/3344 
f 1119/3345 1127/3346 1118/3347 1120/3348 1124/3349 1122/3350 1128/3351 1126/3352 
f 1129/3353 1123/3354 1130/3355 1121/3356 1125/3357 1132/3358 1117/3359 1131/3360 
f 1118/3361 1127/3362 1123/3363 1129/3364 
f 1120/3365 1118/3366 1129/3367 1131/3368 
f 1124/3369 1120/3370 1131/3371 1117/3372 
f 1122/3373 1124/3374 1117/3375 1132/3376 
f 1119/3377 1126/3378 1121/3379 1130/3380 
f 1127/3381 1119/3382 1130/3383 1123/3384 
f 1128/3385 1122/3386 1132/3387 1125/3388 


o 148

v -3536.0 1440.0 6328.0
v -3552.0 1440.0 6336.0
v -3536.0 1456.0 6336.0
v -3536.0 1440.0 6336.0
v -3552.0 1456.0 6328.0
v -3552.0 1440.0 6328.0
v -3536.0 1456.0 6328.0
v -3552.0 1456.0 6336.0

vt 14145.0 5761.0
vt 14209.0 5761.0
vt 14209.0 5825.0
vt 14145.0 5825.0
vt 14209.0 5761.0
vt 14145.0 5761.0
vt 14145.0 5825.0
vt 14209.0 5825.0
vt -5823.0 25313.0
vt -5759.0 25313.0
vt -5759.0 25345.0
vt -5823.0 25345.0
vt -5759.0 25313.0
vt -5823.0 25313.0
vt -5823.0 25345.0
vt -5759.0 25345.0
vt 14209.0 25313.0
vt 14145.0 25313.0
vt 14145.0 25345.0
vt 14209.0 25345.0
vt -14143.0 25313.0
vt -14207.0 25313.0
vt -14207.0 25345.0
vt -14143.0 25345.0

usemtl metal/metaltruss019a
f 1133/3389 1138/3390 1137/3391 1139/3392 
f 1134/3393 1136/3394 1135/3395 1140/3396 
usemtl metal/metalwall074a
f 1137/3397 1138/3398 1134/3399 1140/3400 
f 1133/3401 1139/3402 1135/3403 1136/3404 
usemtl metal/metalhull002a
f 1138/3405 1133/3406 1136/3407 1134/3408 
f 1139/3409 1137/3410 1140/3411 1135/3412 


o 150

v -3664.0 1520.0 5632.0
v -3664.0 1552.0 5728.0
v -3648.0 1520.0 5632.0
v -3648.0 1552.0 5728.0
v -3664.0 1552.0 5632.0
v -3664.0 1520.0 5728.0
v -3648.0 1552.0 5632.0
v -3648.0 1520.0 5728.0

vt -6207.0 22529.0
vt -6079.0 22529.0
vt -6079.0 22913.0
vt -6207.0 22913.0
vt -6079.0 22529.0
vt -6207.0 22529.0
vt -6207.0 22913.0
vt -6079.0 22913.0
vt 14657.0 22529.0
vt 14593.0 22529.0
vt 14593.0 22913.0
vt 14657.0 22913.0
vt 14593.0 22529.0
vt 14657.0 22529.0
vt 14657.0 22913.0
vt 14593.0 22913.0
vt 14593.0 6081.0
vt 14657.0 6081.0
vt 14657.0 6209.0
vt 14593.0 6209.0
vt 14657.0 6081.0
vt 14593.0 6081.0
vt 14593.0 6209.0
vt 14657.0 6209.0

usemtl concrete/concretefloor026a
f 1145/3413 1141/3414 1146/3415 1142/3416 
f 1143/3417 1147/3418 1144/3419 1148/3420 
f 1141/3421 1143/3422 1148/3423 1146/3424 
f 1147/3425 1145/3426 1142/3427 1144/3428 
f 1143/3429 1141/3430 1145/3431 1147/3432 
f 1146/3433 1148/3434 1144/3435 1142/3436 


o 152

v -3573.0 1611.0 5728.0
v -3595.0 1588.99 5824.0
v -3573.0 1589.0 5824.0
v -3584.0 1616.0 5824.0
v -3600.0 1600.0 5824.0
v -3595.0 1611.0 5824.0
v -3595.0 1589.0 5728.0
v -3573.0 1589.0 5728.0
v -3584.0 1616.0 5728.0
v -3568.0 1600.0 5824.0
v -3584.0 1584.0 5824.0
v -3600.0 1600.0 5728.0
v -3595.0 1611.0 5728.0
v -3573.0 1611.0 5824.0
v -3568.0 1600.0 5728.0
v -3584.0 1584.0 5728.0

vt 14337.0 22913.0
vt 14381.0 22913.0
vt 14381.0 23297.0
vt 14337.0 23297.0
vt -6355.0 22913.0
vt -6399.0 22913.0
vt -6399.0 23297.0
vt -6355.0 23297.0
vt 14337.0 22913.0
vt 14293.0 22913.0
vt 14293.0 23297.0
vt 14337.0 23297.0
vt 14293.0 22913.0
vt 14337.0 22913.0
vt 14337.0 23297.0
vt 14293.0 23297.0
vt -6399.0 22913.0
vt -6443.0 22913.0
vt -6443.0 23297.0
vt -6399.0 23297.0
vt 14293.0 6357.0
vt 14337.0 6337.0
vt 14381.0 6357.0
vt 14401.0 6401.0
vt 14381.0 6445.0
vt 14337.0 6465.0
vt 14293.0 6445.0
vt 14273.0 6401.0
vt 14381.0 6356.96
vt 14337.0 6337.0
vt 14293.0 6357.0
vt 14273.0 6401.0
vt 14293.0 6445.0
vt 14337.0 6465.0
vt 14381.0 6445.0
vt 14401.0 6401.0
vt 14381.0 22913.0
vt 14337.0 22913.0
vt 14337.0 23297.0
vt 14381.0 23297.0
vt -6399.0 22913.0
vt -6355.0 22913.0
vt -6354.96 23297.0
vt -6399.0 23297.0
vt -6443.0 22913.0
vt -6399.0 22913.0
vt -6399.0 23297.0
vt -6443.0 23297.0

usemtl metal/metalhull010b
f 1157/3437 1161/3438 1154/3439 1152/3440 
f 1156/3441 1163/3442 1158/3443 1151/3444 
f 1164/3445 1156/3446 1151/3447 1159/3448 
f 1149/3449 1157/3450 1152/3451 1162/3452 
f 1163/3453 1149/3454 1162/3455 1158/3456 
f 1156/3457 1164/3458 1155/3459 1160/3460 1161/3461 1157/3462 1149/3463 1163/3464 
f 1150/3465 1159/3466 1151/3467 1158/3468 1162/3469 1152/3470 1154/3471 1153/3472 
f 1155/3473 1164/3474 1159/3475 1150/3476 
f 1160/3477 1155/3478 1150/3479 1153/3480 
f 1161/3481 1160/3482 1153/3483 1154/3484 


o 154

v -3648.0 1696.0 6328.0
v -3648.0 1632.0 6328.0
v -3520.0 1632.0 6328.0
v -3520.0 1696.0 6328.0
v -3648.0 1632.0 6336.0
v -3648.0 1696.0 6336.0
v -3520.0 1696.0 6336.0
v -3520.0 1632.0 6336.0

vt -6783.0 25313.0
vt -6527.0 25313.0
vt -6527.0 25345.0
vt -6783.0 25345.0
vt -6527.0 25313.0
vt -6783.0 25313.0
vt -6783.0 25345.0
vt -6527.0 25345.0
vt -14591.0 25313.0
vt -14079.0 25313.0
vt -14079.0 25345.0
vt -14591.0 25345.0
vt -14079.0 25313.0
vt -14591.0 25313.0
vt -14591.0 25345.0
vt -14079.0 25345.0
vt -6527.0 14081.0
vt -6527.0 14593.0
vt -6783.0 14593.0
vt -6783.0 14081.0
vt -6527.0 14593.0
vt -6527.0 14081.0
vt -6783.0 14081.0
vt -6783.0 14593.0

usemtl metal/metalwall074a
f 1165/3485 1166/3486 1169/3487 1170/3488 
f 1167/3489 1168/3490 1171/3491 1172/3492 
f 1166/3493 1167/3494 1172/3495 1169/3496 
f 1168/3497 1165/3498 1170/3499 1171/3500 
usemtl metal/metalstair004b
f 1167/3501 1166/3502 1165/3503 1168/3504 
f 1169/3505 1172/3506 1171/3507 1170/3508 


o 156

v 107.0 -3691.0 4992.0
v -2155.0 -3691.0 5134.0
v -2155.0 -3768.99 4992.0
v 107.0 -3768.99 4992.0
v 107.0 -3691.0 5134.0
v -2155.0 -3691.0 4992.0

vt 8621.0 -20535.0
vt 8621.0 -19967.0
vt -427.0 -19967.0
vt -427.0 -20535.0
vt 14765.0 19969.0
vt 15076.96 19969.0
vt 14765.0 20537.0
vt 15076.96 19969.0
vt 14765.0 19969.0
vt 14765.0 20537.0
vt -427.0 -19967.0
vt 8621.0 -19967.0
vt 8621.0 -20535.0
vt -427.0 -20535.0
vt 429.0 -15074.96
vt -8619.0 -15074.96
vt -8619.0 -14763.0
vt 429.0 -14763.0

usemtl metal/metalhull002a
f 1174/3509 1175/3510 1176/3511 1177/3512 
f 1178/3513 1175/3514 1174/3515 
f 1176/3516 1173/3517 1177/3518 
usemtl metal/metalhull010b
f 1173/3519 1178/3520 1174/3521 1177/3522 
usemtl metal/metalhull002a
f 1176/3523 1175/3524 1178/3525 1173/3526 


o 158

v -4793.0 405.0 4992.0
v -4715.0 326.999 4992.0
v -4715.0 405.0 5134.0
v -4715.0 405.0 4992.0

vt -1306.996 19969.0
vt -1619.0 19969.0
vt -1619.0 20537.0
vt -18859.0 19969.0
vt -19171.0 19969.0
vt -18859.0 20537.0
vt -18859.0 1308.996
vt -19171.0 1621.0
vt -18859.0 1621.0
vt 19173.0 19969.0
vt 18861.0 19969.0
vt 18861.0 20537.0

usemtl metal/metalhull002a
f 1180/3527 1182/3528 1181/3529 
f 1182/3530 1179/3531 1181/3532 
f 1180/3533 1179/3534 1182/3535 
usemtl metal/metalhull010b
f 1179/3536 1180/3537 1181/3538 


o 160

v -3728.0 1392.0 5272.0
v -3440.0 1680.0 5272.0
v -3440.0 1680.0 5268.0
v -3728.0 1392.0 5268.0
v -3728.0 1680.0 5272.0
v -3440.0 1392.0 5272.0
v -3440.0 1392.0 5268.0
v -3728.0 1680.0 5268.0

vt -6719.0 21073.0
vt -5567.0 21073.0
vt -5567.0 21089.0
vt -6719.0 21089.0
vt -5567.0 21073.0
vt -6719.0 21073.0
vt -6719.0 21089.0
vt -5567.0 21089.0
vt 14913.0 21073.0
vt 13761.0 21073.0
vt 13761.0 21089.0
vt 14913.0 21089.0
vt 13761.0 21073.0
vt 14913.0 21073.0
vt 14913.0 21089.0
vt 13761.0 21089.0
vt 13761.0 5569.0
vt 14913.0 5569.0
vt 14913.0 6721.0
vt 13761.0 6721.0
vt 14913.0 5569.0
vt 13761.0 5569.0
vt 13761.0 6721.0
vt 14913.0 6721.0

usemtl concrete/concretefloor026a
f 1190/3539 1186/3540 1183/3541 1187/3542 
f 1189/3543 1185/3544 1184/3545 1188/3546 
f 1186/3547 1189/3548 1188/3549 1183/3550 
f 1185/3551 1190/3552 1187/3553 1184/3554 
f 1189/3555 1186/3556 1190/3557 1185/3558 
f 1183/3559 1188/3560 1184/3561 1187/3562 


o 162

v -4696.0 2672.0 5120.0
v -4672.0 400.0 5120.0
v -4696.0 2672.0 5112.0
v -4672.0 400.0 5112.0
v -4696.0 400.0 5120.0
v -4696.0 400.0 5112.0
v -4672.0 2672.0 5120.0
v -4672.0 2672.0 5112.0

vt 18785.0 20449.0
vt 18689.0 20449.0
vt 18689.0 20481.0
vt 18785.0 20481.0
vt -18687.0 20449.0
vt -18783.0 20449.0
vt -18783.0 20481.0
vt -18687.0 20481.0
vt 18689.0 1601.0
vt 18785.0 1601.0
vt 18785.0 10689.0
vt 18689.0 10689.0
vt 18785.0 1601.0
vt 18689.0 1601.0
vt 18689.0 10689.0
vt 18785.0 10689.0
vt -10687.0 20449.0
vt -1599.0 20449.0
vt -1599.0 20481.0
vt -10687.0 20481.0
vt -1599.0 20449.0
vt -10687.0 20449.0
vt -10687.0 20481.0
vt -1599.0 20481.0

usemtl metal/metalhull002a
f 1196/3563 1194/3564 1192/3565 1195/3566 
f 1198/3567 1193/3568 1191/3569 1197/3570 
usemtl metal/metalhull010b
f 1194/3571 1196/3572 1193/3573 1198/3574 
f 1195/3575 1192/3576 1197/3577 1191/3578 
f 1193/3579 1196/3580 1195/3581 1191/3582 
f 1194/3583 1198/3584 1197/3585 1192/3586 


o 164

v -3637.0 1547.0 5728.0
v -3659.0 1525.0 5824.0
v -3648.0 1552.0 5824.0
v -3664.0 1536.0 5824.0
v -3637.0 1525.0 5824.0
v -3659.0 1547.0 5824.0
v -3659.0 1525.0 5728.0
v -3664.0 1536.0 5728.0
v -3648.0 1552.0 5728.0
v -3648.0 1520.0 5824.0
v -3632.0 1536.0 5824.0
v -3637.0 1525.0 5728.0
v -3659.0 1547.0 5728.0
v -3637.0 1547.0 5824.0
v -3648.0 1520.0 5728.0
v -3632.0 1536.0 5728.0

vt -14547.0 6101.0
vt -14591.0 6081.0
vt -14635.0 6101.0
vt -14655.0 6145.0
vt -14635.0 6189.0
vt -14591.0 6209.0
vt -14547.0 6189.0
vt -14527.0 6145.0
vt 14637.0 6101.0
vt 14593.0 6081.0
vt 14549.0 6101.0
vt 14529.0 6145.0
vt 14549.0 6189.0
vt 14593.0 6209.0
vt 14637.0 6189.0
vt 14657.0 6145.0
vt 14637.0 22913.0
vt 14593.0 22913.0
vt 14593.0 23297.0
vt 14637.0 23297.0
vt -6143.0 22913.0
vt -6099.0 22913.0
vt -6099.0 23297.0
vt -6143.0 23297.0
vt -6187.0 22913.0
vt -6143.0 22913.0
vt -6143.0 23297.0
vt -6187.0 23297.0
vt 14593.0 22913.0
vt 14637.0 22913.0
vt 14637.0 23297.0
vt 14593.0 23297.0
vt -6099.0 22913.0
vt -6143.0 22913.0
vt -6143.0 23297.0
vt -6099.0 23297.0
vt 14593.0 22913.0
vt 14549.0 22913.0
vt 14549.0 23297.0
vt 14593.0 23297.0
vt 14549.0 22913.0
vt 14593.0 22913.0
vt 14593.0 23297.0
vt 14549.0 23297.0
vt -6143.0 22913.0
vt -6187.0 22913.0
vt -6187.0 23297.0
vt -6143.0 23297.0

usemtl metal/metalhull002a
f 1210/3587 1213/3588 1205/3589 1206/3590 1211/3591 1207/3592 1199/3593 1214/3594 
f 1200/3595 1208/3596 1203/3597 1209/3598 1212/3599 1201/3600 1204/3601 1202/3602 
usemtl metal/metalhull010b
f 1205/3603 1213/3604 1208/3605 1200/3606 
f 1206/3607 1205/3608 1200/3609 1202/3610 
f 1211/3611 1206/3612 1202/3613 1204/3614 
f 1207/3615 1211/3616 1204/3617 1201/3618 
f 1210/3619 1214/3620 1209/3621 1203/3622 
f 1213/3623 1210/3624 1203/3625 1208/3626 
f 1199/3627 1207/3628 1201/3629 1212/3630 
f 1214/3631 1199/3632 1212/3633 1209/3634 


o 166

v -3664.0 1568.0 6328.0
v -3680.0 1568.0 6336.0
v -3664.0 1584.0 6336.0
v -3664.0 1568.0 6336.0
v -3680.0 1584.0 6328.0
v -3680.0 1568.0 6328.0
v -3664.0 1584.0 6328.0
v -3680.0 1584.0 6336.0

vt -6335.0 25313.0
vt -6271.0 25313.0
vt -6271.0 25345.0
vt -6335.0 25345.0
vt -6271.0 25313.0
vt -6335.0 25313.0
vt -6335.0 25345.0
vt -6271.0 25345.0
vt 14721.0 25313.0
vt 14657.0 25313.0
vt 14657.0 25345.0
vt 14721.0 25345.0
vt 14657.0 25313.0
vt 14721.0 25313.0
vt 14721.0 25345.0
vt 14657.0 25345.0
vt -6271.0 14657.0
vt -6271.0 14721.0
vt -6335.0 14721.0
vt -6335.0 14657.0
vt -6271.0 14721.0
vt -6271.0 14657.0
vt -6335.0 14657.0
vt -6335.0 14721.0

usemtl metal/metalhull002a
f 1219/3635 1220/3636 1216/3637 1222/3638 
f 1215/3639 1221/3640 1217/3641 1218/3642 
usemtl metal/metalwall074a
f 1220/3643 1215/3644 1218/3645 1216/3646 
f 1221/3647 1219/3648 1222/3649 1217/3650 
usemtl metal/metaltruss019a
f 1215/3651 1220/3652 1219/3653 1221/3654 
f 1216/3655 1218/3656 1217/3657 1222/3658 


o 168

v -3752.0 1704.0 5208.0
v -3752.0 1704.0 5204.0
v -3752.0 1368.0 5208.0
v -3416.0 1704.0 5208.0
v -3416.0 1704.0 5204.0
v -3752.0 1368.0 5204.0
v -3416.0 1368.0 5208.0
v -3416.0 1368.0 5204.0

vt 13665.0 20817.0
vt 15009.0 20817.0
vt 15009.0 20833.0
vt 13665.0 20833.0
vt 13665.0 5473.0
vt 15009.0 5473.0
vt 15009.0 6817.0
vt 13665.0 6817.0
vt 15009.0 5473.0
vt 13665.0 5473.0
vt 13665.0 6817.0
vt 15009.0 6817.0
vt -6815.0 20817.0
vt -5471.0 20817.0
vt -5471.0 20833.0
vt -6815.0 20833.0
vt -5471.0 20817.0
vt -6815.0 20817.0
vt -6815.0 20833.0
vt -5471.0 20833.0
vt 15009.0 20817.0
vt 13665.0 20817.0
vt 13665.0 20833.0
vt 15009.0 20833.0

usemtl concrete/concretefloor026a
f 1227/3659 1224/3660 1223/3661 1226/3662 
f 1230/3663 1228/3664 1224/3665 1227/3666 
f 1225/3667 1229/3668 1226/3669 1223/3670 
f 1224/3671 1228/3672 1225/3673 1223/3674 
f 1230/3675 1227/3676 1226/3677 1229/3678 
f 1228/3679 1230/3680 1229/3681 1225/3682 


o 170

v -2592.0 1773.0 5120.0
v -2592.0 1773.0 5112.0
v -2568.0 2672.0 5120.0
v -2568.0 2672.0 5112.0
v -2592.0 2672.0 5120.0
v -2568.0 1773.0 5120.0
v -2592.0 2672.0 5112.0
v -2568.0 1773.0 5112.0

vt -10687.0 20449.0
vt -7091.0 20449.0
vt -7091.0 20481.0
vt -10687.0 20481.0
vt -7091.0 20449.0
vt -10687.0 20449.0
vt -10687.0 20481.0
vt -7091.0 20481.0
vt 10369.0 20449.0
vt 10273.0 20449.0
vt 10273.0 20481.0
vt 10369.0 20481.0
vt -10271.0 20449.0
vt -10367.0 20449.0
vt -10367.0 20481.0
vt -10271.0 20481.0
vt 10273.0 7093.0
vt 10369.0 7093.0
vt 10369.0 10689.0
vt 10273.0 10689.0
vt 10369.0 7093.0
vt 10273.0 7093.0
vt 10273.0 10689.0
vt 10369.0 10689.0

usemtl metal/metalhull010b
f 1237/3683 1232/3684 1231/3685 1235/3686 
f 1238/3687 1234/3688 1233/3689 1236/3690 
usemtl metal/metalhull002a
f 1232/3691 1238/3692 1236/3693 1231/3694 
f 1234/3695 1237/3696 1235/3697 1233/3698 
usemtl metal/metalhull010b
f 1238/3699 1232/3700 1237/3701 1234/3702 
f 1231/3703 1236/3704 1233/3705 1235/3706 


o 172

v 112.0 -3552.0 5112.0
v 112.0 -3552.0 5120.0
v -2160.0 -3576.0 5120.0
v -2160.0 -3576.0 5112.0
v 112.0 -3576.0 5112.0
v 112.0 -3576.0 5120.0
v -2160.0 -3552.0 5120.0
v -2160.0 -3552.0 5112.0

vt 14209.0 20449.0
vt 14305.0 20449.0
vt 14305.0 20481.0
vt 14209.0 20481.0
vt 14305.0 20449.0
vt 14209.0 20449.0
vt 14209.0 20481.0
vt 14305.0 20481.0
vt -8639.0 20449.0
vt 449.0 20449.0
vt 449.0 20481.0
vt -8639.0 20481.0
vt 449.0 20449.0
vt -8639.0 20449.0
vt -8639.0 20481.0
vt 449.0 20481.0
vt 14305.0 -447.0
vt 14305.0 8641.0
vt 14209.0 8641.0
vt 14209.0 -447.0
vt 14305.0 8641.0
vt 14305.0 -447.0
vt 14209.0 -447.0
vt 14209.0 8641.0

usemtl metal/metalhull002a
f 1246/3707 1242/3708 1241/3709 1245/3710 
f 1243/3711 1239/3712 1240/3713 1244/3714 
usemtl metal/metalhull010b
f 1242/3715 1243/3716 1244/3717 1241/3718 
f 1239/3719 1246/3720 1245/3721 1240/3722 
f 1243/3723 1242/3724 1246/3725 1239/3726 
f 1241/3727 1244/3728 1240/3729 1245/3730 


o 174

v 64.0 -1424.0 5112.0
v 64.0 -3696.0 5120.0
v 64.0 -1424.0 5120.0
v 64.0 -3696.0 5112.0
v 88.0 -1424.0 5112.0
v 88.0 -1424.0 5120.0
v 88.0 -3696.0 5120.0
v 88.0 -3696.0 5112.0

vt -255.0 20449.0
vt -351.0 20449.0
vt -351.0 20481.0
vt -255.0 20481.0
vt -351.0 20449.0
vt -255.0 20449.0
vt -255.0 20481.0
vt -351.0 20481.0
vt -351.0 -14783.0
vt -255.0 -14783.0
vt -255.0 -5695.0
vt -351.0 -5695.0
vt -255.0 -14783.0
vt -351.0 -14783.0
vt -351.0 -5695.0
vt -255.0 -5695.0
vt 5697.0 20449.0
vt 14785.0 20449.0
vt 14785.0 20481.0
vt 5697.0 20481.0
vt 14785.0 20449.0
vt 5697.0 20449.0
vt 5697.0 20481.0
vt 14785.0 20481.0

usemtl metal/metalhull010b
f 1250/3731 1254/3732 1253/3733 1248/3734 
f 1251/3735 1247/3736 1249/3737 1252/3738 
f 1254/3739 1250/3740 1247/3741 1251/3742 
f 1248/3743 1253/3744 1252/3745 1249/3746 
f 1247/3747 1250/3748 1248/3749 1249/3750 
f 1254/3751 1251/3752 1252/3753 1253/3754 


o 176

v -2160.0 -1472.0 5120.0
v 112.0 -1448.0 5112.0
v -2160.0 -1472.0 5112.0
v 112.0 -1448.0 5120.0
v -2160.0 -1448.0 5120.0
v 112.0 -1472.0 5112.0
v -2160.0 -1448.0 5112.0
v 112.0 -1472.0 5120.0

vt 5793.0 20449.0
vt 5889.0 20449.0
vt 5889.0 20481.0
vt 5793.0 20481.0
vt 5889.0 20449.0
vt 5793.0 20449.0
vt 5793.0 20481.0
vt 5889.0 20481.0
vt -8639.0 20449.0
vt 449.0 20449.0
vt 449.0 20481.0
vt -8639.0 20481.0
vt 449.0 20449.0
vt -8639.0 20449.0
vt -8639.0 20481.0
vt 449.0 20481.0
vt 5889.0 -447.0
vt 5889.0 8641.0
vt 5793.0 8641.0
vt 5793.0 -447.0
vt 5889.0 8641.0
vt 5889.0 -447.0
vt 5793.0 -447.0
vt 5793.0 8641.0

usemtl metal/metalhull010b
f 1261/3755 1257/3756 1255/3757 1259/3758 
f 1260/3759 1256/3760 1258/3761 1262/3762 
f 1257/3763 1260/3764 1262/3765 1255/3766 
f 1256/3767 1261/3768 1259/3769 1258/3770 
f 1260/3771 1257/3772 1261/3773 1256/3774 
f 1255/3775 1262/3776 1258/3777 1259/3778 


o 178

v -3520.0 1600.0 6340.0
v -3648.0 1616.0 6288.0
v -3520.0 1616.0 6288.0
v -3648.0 1600.0 6340.0
v -3648.0 1600.0 6288.0
v -3520.0 1600.0 6288.0
v -3520.0 1616.0 6340.0
v -3648.0 1616.0 6340.0

vt -6463.0 25153.0
vt -6399.0 25153.0
vt -6399.0 25361.0
vt -6463.0 25361.0
vt -6399.0 25153.0
vt -6463.0 25153.0
vt -6463.0 25361.0
vt -6399.0 25361.0
vt 14593.0 25153.0
vt 14081.0 25153.0
vt 14081.0 25361.0
vt 14593.0 25361.0
vt 14081.0 25153.0
vt 14593.0 25153.0
vt 14593.0 25361.0
vt 14081.0 25361.0
vt 14081.0 6401.0
vt 14593.0 6401.0
vt 14593.0 6465.0
vt 14081.0 6465.0
vt 14593.0 6401.0
vt 14081.0 6401.0
vt 14081.0 6465.0
vt 14593.0 6465.0

usemtl metal/metalhull010b
f 1264/3779 1267/3780 1266/3781 1270/3782 
f 1268/3783 1265/3784 1269/3785 1263/3786 
f 1267/3787 1268/3788 1263/3789 1266/3790 
f 1265/3791 1264/3792 1270/3793 1269/3794 
f 1268/3795 1267/3796 1264/3797 1265/3798 
f 1266/3799 1263/3800 1269/3801 1270/3802 


o 180

v -4720.0 2528.0 5120.0
v -2448.0 2528.0 5120.0
v -4720.0 2528.0 5112.0
v -2448.0 2528.0 5112.0
v -4720.0 2552.0 5120.0
v -2448.0 2552.0 5120.0
v -4720.0 2552.0 5112.0
v -2448.0 2552.0 5112.0

vt -10207.0 20449.0
vt -10111.0 20449.0
vt -10111.0 20481.0
vt -10207.0 20481.0
vt -10111.0 20449.0
vt -10207.0 20449.0
vt -10207.0 20481.0
vt -10111.0 20481.0
vt -18879.0 20449.0
vt -9791.0 20449.0
vt -9791.0 20481.0
vt -18879.0 20481.0
vt -9791.0 20449.0
vt -18879.0 20449.0
vt -18879.0 20481.0
vt -9791.0 20481.0
vt -10111.0 9793.0
vt -10111.0 18881.0
vt -10207.0 18881.0
vt -10207.0 9793.0
vt -10111.0 18881.0
vt -10111.0 9793.0
vt -10207.0 9793.0
vt -10207.0 18881.0

usemtl metal/metalhull002a
f 1277/3803 1273/3804 1271/3805 1275/3806 
f 1274/3807 1278/3808 1276/3809 1272/3810 
usemtl metal/metalhull010b
f 1273/3811 1274/3812 1272/3813 1271/3814 
f 1278/3815 1277/3816 1275/3817 1276/3818 
f 1274/3819 1273/3820 1277/3821 1278/3822 
f 1271/3823 1272/3824 1276/3825 1275/3826 


o 182

v -3456.0 1408.0 5340.0
v -3456.0 1664.0 5340.0
v -3712.0 1664.0 5340.0
v -3712.0 1408.0 5340.0
v -3712.0 1408.0 5344.0
v -3712.0 1664.0 5344.0
v -3456.0 1664.0 5344.0
v -3456.0 1408.0 5344.0

vt -6655.0 21361.0
vt -5631.0 21361.0
vt -5631.0 21377.0
vt -6655.0 21377.0
vt -5631.0 21361.0
vt -6655.0 21361.0
vt -6655.0 21377.0
vt -5631.0 21377.0
vt 14849.0 21361.0
vt 13825.0 21361.0
vt 13825.0 21377.0
vt 14849.0 21377.0
vt 13825.0 21361.0
vt 14849.0 21361.0
vt 14849.0 21377.0
vt 13825.0 21377.0
vt 13825.0 5633.0
vt 14849.0 5633.0
vt 14849.0 6657.0
vt 13825.0 6657.0
vt 14849.0 5633.0
vt 13825.0 5633.0
vt 13825.0 6657.0
vt 14849.0 6657.0

usemtl concrete/concretefloor026a
f 1281/3827 1282/3828 1283/3829 1284/3830 
f 1279/3831 1280/3832 1285/3833 1286/3834 
f 1282/3835 1279/3836 1286/3837 1283/3838 
f 1280/3839 1281/3840 1284/3841 1285/3842 
f 1279/3843 1282/3844 1281/3845 1280/3846 
f 1283/3847 1286/3848 1285/3849 1284/3850 


o 184

v -3715.5 1402.5 5136.0
v -3660.0 1460.0 5440.0
v -3636.0 1484.0 5440.0
v -3743.33 1390.0 5136.0
v -3712.67 1394.0 5136.0
v -3636.0 1460.0 5440.0
v -3740.5 1381.5 5136.0
v -3648.0 1456.0 5440.0
v -3632.0 1472.0 5440.0
v -3730.0 1407.33 5136.0
v -3717.5 1379.5 5136.0
v -3738.5 1404.5 5136.0
v -3660.0 1484.0 5440.0
v -3648.0 1488.0 5440.0
v -3664.0 1472.0 5440.0
v -3726.0 1376.67 5136.0

vt -14869.0 5519.0
vt -14903.0 5507.68
vt -14961.0 5527.0
vt -14972.32 5561.0
vt -14953.0 5619.0
vt -14919.0 5630.32
vt -14861.0 5611.0
vt -14849.68 5577.0
vt 14641.0 5841.0
vt 14593.0 5825.0
vt 14545.0 5841.0
vt 14529.0 5889.0
vt 14545.0 5937.0
vt 14593.0 5953.0
vt 14641.0 5937.0
vt 14657.0 5889.0
vt -14861.0 20545.0
vt -14919.0 20545.0
vt -14591.0 21761.0
vt -14543.0 21761.0
vt 5577.0 20545.0
vt 5611.0 20545.0
vt 5937.0 21761.0
vt 5889.0 21761.0
vt 5519.0 20545.0
vt 5577.0 20545.0
vt 5889.0 21761.0
vt 5841.0 21761.0
vt -14903.0 20545.0
vt -14869.0 20545.0
vt -14543.0 21761.0
vt -14591.0 21761.0
vt 5619.0 20545.0
vt 5561.0 20545.0
vt 5889.0 21761.0
vt 5937.0 21761.0
vt -14919.0 20545.0
vt -14953.0 20545.0
vt -14639.0 21761.0
vt -14591.0 21761.0
vt -14961.0 20545.0
vt -14903.0 20545.0
vt -14591.0 21761.0
vt -14639.0 21761.0
vt 5561.0 20545.0
vt 5527.0 20545.0
vt 5841.0 21761.0
vt 5889.0 21761.0

usemtl metal/metalhull002a
f 1297/3851 1302/3852 1293/3853 1290/3854 1298/3855 1296/3856 1287/3857 1291/3858 
f 1288/3859 1294/3860 1292/3861 1295/3862 1289/3863 1300/3864 1299/3865 1301/3866 
usemtl metal/metalhull010b
f 1287/3867 1296/3868 1300/3869 1289/3870 
f 1291/3871 1287/3872 1289/3873 1295/3874 
f 1297/3875 1291/3876 1295/3877 1292/3878 
f 1302/3879 1297/3880 1292/3881 1294/3882 
f 1298/3883 1290/3884 1301/3885 1299/3886 
f 1296/3887 1298/3888 1299/3889 1300/3890 
f 1293/3891 1302/3892 1294/3893 1288/3894 
f 1290/3895 1293/3896 1288/3897 1301/3898 


o 186

v -3532.0 1460.0 6340.0
v -3508.0 1484.0 6340.0
v -3532.0 1460.0 5440.0
v -3508.0 1484.0 5440.0
v -3508.0 1460.0 6340.0
v -3519.99 1456.0 6340.0
v -3508.0 1460.0 5440.0
v -3504.0 1472.0 6340.0
v -3520.0 1456.0 5440.0
v -3504.0 1472.0 5440.0
v -3532.0 1484.0 6340.0
v -3532.0 1484.0 5440.0
v -3536.0 1472.0 6340.0
v -3520.0 1488.0 6340.0
v -3536.0 1472.0 5440.0
v -3520.0 1488.0 5440.0

vt 14129.0 21761.0
vt 14081.0 21761.0
vt 14080.96 25361.0
vt 14129.0 25361.0
vt -5887.0 21761.0
vt -5839.0 21761.0
vt -5839.0 25361.0
vt -5887.0 25361.0
vt -5935.0 21761.0
vt -5887.0 21761.0
vt -5887.0 25361.0
vt -5935.0 25361.0
vt 14081.0 21761.0
vt 14129.0 21761.0
vt 14129.0 25361.0
vt 14081.0 25361.0
vt -5839.0 21761.0
vt -5887.0 21761.0
vt -5887.0 25361.0
vt -5839.0 25361.0
vt 14081.0 21761.0
vt 14033.0 21761.0
vt 14033.0 25361.0
vt 14080.96 25361.0
vt 14033.0 21761.0
vt 14081.0 21761.0
vt 14081.0 25361.0
vt 14033.0 25361.0
vt -5887.0 21761.0
vt -5935.0 21761.0
vt -5935.0 25361.0
vt -5887.0 25361.0
vt 14033.0 5841.0
vt 14081.0 5825.0
vt 14129.0 5841.0
vt 14145.0 5889.0
vt 14129.0 5937.0
vt 14081.0 5953.0
vt 14033.0 5937.0
vt 14017.0 5889.0
vt 14129.0 5841.0
vt 14080.96 5825.0
vt 14033.0 5841.0
vt 14017.0 5889.0
vt 14033.0 5937.0
vt 14081.0 5953.0
vt 14129.0 5937.0
vt 14145.0 5889.0

usemtl metal/metalhull010b
f 1305/3899 1311/3900 1308/3901 1303/3902 
f 1317/3903 1305/3904 1303/3905 1315/3906 
f 1314/3907 1317/3908 1315/3909 1313/3910 
f 1318/3911 1314/3912 1313/3913 1316/3914 
f 1309/3915 1312/3916 1310/3917 1307/3918 
f 1311/3919 1309/3920 1307/3921 1308/3922 
f 1306/3923 1318/3924 1316/3925 1304/3926 
f 1312/3927 1306/3928 1304/3929 1310/3930 
f 1309/3931 1311/3932 1305/3933 1317/3934 1314/3935 1318/3936 1306/3937 1312/3938 
f 1303/3939 1308/3940 1307/3941 1310/3942 1304/3943 1316/3944 1313/3945 1315/3946 


o 188

v -2472.0 1685.0 5112.0
v -2496.0 1709.0 5120.0
v -2496.0 1709.0 5112.0
v -2496.0 1685.0 5120.0
v -2496.0 1685.0 5112.0
v -2472.0 1685.0 5120.0

vt -6835.0 20449.0
vt -6739.0 20449.0
vt -6739.0 20481.0
vt -6835.0 20481.0
vt 9985.0 20449.0
vt 9889.0 20449.0
vt 9889.0 20481.0
vt 9985.0 20481.0
vt 6741.0 -9887.0
vt 6741.0 -9983.0
vt 6837.0 -9983.0
vt 6741.0 -9983.0
vt 6741.0 -9887.0
vt 6837.0 -9983.0
vt 9889.0 20449.0
vt 9985.0 20449.0
vt 9985.0 20481.0
vt 9889.0 20481.0

usemtl metal/metalhull002a
f 1321/3947 1323/3948 1322/3949 1320/3950 
usemtl metal/metalhull010b
f 1323/3951 1319/3952 1324/3953 1322/3954 
f 1319/3955 1323/3956 1321/3957 
f 1322/3958 1324/3959 1320/3960 
f 1319/3961 1321/3962 1320/3963 1324/3964 


o 190

v -2136.0 -3696.0 5120.0
v -2136.0 -3696.0 5112.0
v -2136.0 -1424.0 5112.0
v -2136.0 -1424.0 5120.0
v -2112.0 -1424.0 5112.0
v -2112.0 -3696.0 5120.0
v -2112.0 -1424.0 5120.0
v -2112.0 -3696.0 5112.0

vt 8449.0 -14783.0
vt 8545.0 -14783.0
vt 8545.0 -5695.0
vt 8449.0 -5695.0
vt 8545.0 -14783.0
vt 8449.0 -14783.0
vt 8449.0 -5695.0
vt 8545.0 -5695.0
vt 5697.0 20449.0
vt 14785.0 20449.0
vt 14785.0 20481.0
vt 5697.0 20481.0
vt 14785.0 20449.0
vt 5697.0 20449.0
vt 5697.0 20481.0
vt 14785.0 20481.0
vt 8545.0 20449.0
vt 8449.0 20449.0
vt 8449.0 20481.0
vt 8545.0 20481.0
vt -8447.0 20449.0
vt -8543.0 20449.0
vt -8543.0 20481.0
vt -8447.0 20481.0

usemtl metal/metalhull010b
f 1332/3965 1326/3966 1327/3967 1329/3968 
f 1325/3969 1330/3970 1331/3971 1328/3972 
f 1327/3973 1326/3974 1325/3975 1328/3976 
f 1332/3977 1329/3978 1331/3979 1330/3980 
usemtl metal/metalhull002a
f 1326/3981 1332/3982 1330/3983 1325/3984 
f 1329/3985 1327/3986 1328/3987 1331/3988 


o 192

v -3508.0 1612.0 6340.0
v -3532.0 1588.0 6340.0
v -3508.0 1612.0 5440.0
v -3532.0 1588.01 5440.0
v -3508.0 1588.0 6340.0
v -3508.0 1588.0 5440.0
v -3504.0 1600.0 6340.0
v -3520.0 1584.0 6340.0
v -3504.0 1600.0 5440.0
v -3520.0 1584.0 5440.0
v -3532.0 1612.0 6340.0
v -3532.0 1612.0 5440.0
v -3536.0 1600.0 6340.0
v -3520.0 1616.0 6340.0
v -3536.0 1600.0 5440.0
v -3520.0 1616.0 5440.0

vt -6447.0 21761.0
vt -6399.0 21761.0
vt -6399.0 25361.0
vt -6447.0 25361.0
vt 14081.0 21761.0
vt 14129.0 21761.0
vt 14129.0 25361.0
vt 14081.0 25361.0
vt -6351.0 21761.0
vt -6399.0 21761.0
vt -6399.0 25361.0
vt -6351.0 25361.0
vt 14081.0 21761.0
vt 14033.0 21761.0
vt 14033.0 25361.0
vt 14081.0 25361.0
vt 14033.0 21761.0
vt 14081.0 21761.0
vt 14081.0 25361.0
vt 14033.0 25361.0
vt -6399.0 21761.0
vt -6447.0 21761.0
vt -6447.0 25361.0
vt -6399.0 25361.0
vt 14017.0 6401.0
vt 14033.0 6353.0
vt 14081.0 6337.0
vt 14129.0 6353.04
vt 14145.0 6401.0
vt 14129.0 6449.0
vt 14081.0 6465.0
vt 14033.0 6449.0
vt 14129.0 6353.0
vt 14081.0 6337.0
vt 14033.0 6353.0
vt 14017.0 6401.0
vt 14033.0 6449.0
vt 14081.0 6465.0
vt 14129.0 6449.0
vt 14145.0 6401.0
vt 14129.0 21761.0
vt 14081.0 21761.0
vt 14081.0 25361.0
vt 14129.0 25361.0
vt -6399.0 21761.0
vt -6351.04 21761.0
vt -6351.0 25361.0
vt -6399.0 25361.0

usemtl metal/metalhull010b
f 1344/3989 1347/3990 1345/3991 1343/3992 
f 1348/3993 1344/3994 1343/3995 1346/3996 
f 1338/3997 1341/3998 1339/3999 1337/4000 
f 1342/4001 1338/4002 1337/4003 1340/4004 
f 1335/4005 1348/4006 1346/4007 1333/4008 
f 1341/4009 1335/4010 1333/4011 1339/4012 
f 1341/4013 1338/4014 1342/4015 1336/4016 1347/4017 1344/4018 1348/4019 1335/4020 
f 1334/4021 1340/4022 1337/4023 1339/4024 1333/4025 1346/4026 1343/4027 1345/4028 
f 1336/4029 1342/4030 1340/4031 1334/4032 
f 1347/4033 1336/4034 1334/4035 1345/4036 


o 194

v -3520.0 1472.0 6340.0
v -3520.0 1600.0 6340.0
v -3504.0 1600.0 6340.0
v -3504.0 1472.0 6340.0
v -3520.0 1600.0 6288.0
v -3520.0 1472.0 6288.0
v -3504.0 1472.0 6288.0
v -3504.0 1600.0 6288.0

vt -6399.0 25153.0
vt -5887.0 25153.0
vt -5887.0 25361.0
vt -6399.0 25361.0
vt -5887.0 25153.0
vt -6399.0 25153.0
vt -6399.0 25361.0
vt -5887.0 25361.0
vt 14081.0 25153.0
vt 14017.0 25153.0
vt 14017.0 25361.0
vt 14081.0 25361.0
vt 14017.0 25153.0
vt 14081.0 25153.0
vt 14081.0 25361.0
vt 14017.0 25361.0
vt 14017.0 5889.0
vt 14081.0 5889.0
vt 14081.0 6401.0
vt 14017.0 6401.0
vt 14081.0 5889.0
vt 14017.0 5889.0
vt 14017.0 6401.0
vt 14081.0 6401.0

usemtl metal/metalhull010b
f 1353/4037 1354/4038 1349/4039 1350/4040 
f 1355/4041 1356/4042 1351/4043 1352/4044 
f 1354/4045 1355/4046 1352/4047 1349/4048 
f 1356/4049 1353/4050 1350/4051 1351/4052 
f 1355/4053 1354/4054 1353/4055 1356/4056 
f 1349/4057 1352/4058 1351/4059 1350/4060 


o 196

v -3636.0 1612.0 5440.0
v -3660.0 1588.0 5440.0
v -3636.0 1612.0 6340.0
v -3660.0 1588.0 6340.0
v -3636.0 1588.0 5440.0
v -3636.0 1588.0 6340.0
v -3648.0 1584.0 5440.0
v -3632.0 1600.0 5440.0
v -3648.0 1584.0 6340.0
v -3632.0 1600.0 6340.0
v -3660.0 1612.0 5440.0
v -3660.0 1612.0 6340.0
v -3648.0 1616.0 5440.0
v -3664.0 1600.0 5440.0
v -3648.0 1616.0 6340.0
v -3664.0 1600.0 6340.0

vt 14593.0 21761.0
vt 14545.0 21761.0
vt 14545.0 25361.0
vt 14593.0 25361.0
vt 14545.0 21761.0
vt 14593.0 21761.0
vt 14593.0 25361.0
vt 14545.0 25361.0
vt -6399.0 21761.0
vt -6447.0 21761.0
vt -6447.0 25361.0
vt -6399.0 25361.0
vt 14545.0 6353.0
vt 14593.0 6337.0
vt 14641.0 6353.0
vt 14657.0 6401.0
vt 14641.0 6449.0
vt 14593.0 6465.0
vt 14545.0 6449.0
vt 14529.0 6401.0
vt 14641.0 6353.0
vt 14593.0 6337.0
vt 14545.0 6353.0
vt 14529.0 6401.0
vt 14545.0 6449.0
vt 14593.0 6465.0
vt 14641.0 6449.0
vt 14657.0 6401.0
vt 14641.0 21761.0
vt 14593.0 21761.0
vt 14593.0 25361.0
vt 14641.0 25361.0
vt -6399.0 21761.0
vt -6351.0 21761.0
vt -6351.0 25361.0
vt -6399.0 25361.0
vt -6447.0 21761.0
vt -6399.0 21761.0
vt -6399.0 25361.0
vt -6447.0 25361.0
vt 14593.0 21761.0
vt 14641.0 21761.0
vt 14641.0 25361.0
vt 14593.0 25361.0
vt -6351.0 21761.0
vt -6399.0 21761.0
vt -6399.0 25361.0
vt -6351.0 25361.0

usemtl metal/metalhull010b
f 1363/4061 1361/4062 1362/4063 1365/4064 
f 1357/4065 1369/4066 1371/4067 1359/4068 
f 1364/4069 1357/4070 1359/4071 1366/4072 
f 1361/4073 1363/4074 1358/4075 1370/4076 1367/4077 1369/4078 1357/4079 1364/4080 
f 1360/4081 1365/4082 1362/4083 1366/4084 1359/4085 1371/4086 1368/4087 1372/4088 
f 1358/4089 1363/4090 1365/4091 1360/4092 
f 1370/4093 1358/4094 1360/4095 1372/4096 
f 1367/4097 1370/4098 1372/4099 1368/4100 
f 1369/4101 1367/4102 1368/4103 1371/4104 
f 1361/4105 1364/4106 1366/4107 1362/4108 


o 198

v -3552.0 1616.0 6328.0
v -3536.0 1632.0 6328.0
v -3552.0 1632.0 6336.0
v -3536.0 1616.0 6328.0
v -3552.0 1616.0 6336.0
v -3536.0 1632.0 6336.0
v -3536.0 1616.0 6336.0
v -3552.0 1632.0 6328.0

vt 14209.0 25313.0
vt 14145.0 25313.0
vt 14145.0 25345.0
vt 14209.0 25345.0
vt -14143.0 25313.0
vt -14207.0 25313.0
vt -14207.0 25345.0
vt -14143.0 25345.0
vt 14145.0 6465.0
vt 14209.0 6465.0
vt 14209.0 6529.0
vt 14145.0 6529.0
vt 14209.0 6465.0
vt 14145.0 6465.0
vt 14145.0 6529.0
vt 14209.0 6529.0
vt -6527.0 25313.0
vt -6463.0 25313.0
vt -6463.0 25345.0
vt -6527.0 25345.0
vt -6463.0 25313.0
vt -6527.0 25313.0
vt -6527.0 25345.0
vt -6463.0 25345.0

usemtl metal/metalhull002a
f 1373/4109 1376/4110 1379/4111 1377/4112 
f 1374/4113 1380/4114 1375/4115 1378/4116 
usemtl metal/metaltruss019a
f 1376/4117 1373/4118 1380/4119 1374/4120 
f 1377/4121 1379/4122 1378/4123 1375/4124 
usemtl metal/metalwall074a
f 1380/4125 1373/4126 1377/4127 1375/4128 
f 1376/4129 1374/4130 1378/4131 1379/4132 


o 200

v -2375.01 405.0 4992.0
v -2453.0 405.0 4992.0
v -2453.0 2667.0 5134.0
v -2453.0 405.0 5134.0
v -2375.01 2667.0 4992.0
v -2453.0 2667.0 4992.0

vt -10667.0 -19967.0
vt -1619.0 -19967.0
vt -1619.0 -20535.0
vt -10667.0 -20535.0
vt 9813.0 19969.0
vt 9501.04 19969.0
vt 9813.0 20537.0
vt -9499.04 19969.0
vt -9811.0 19969.0
vt -9811.0 20537.0
vt -9499.04 1621.0
vt -9811.0 1621.0
vt -9811.0 10669.0
vt -9499.04 10669.0
vt -1619.0 -20535.0
vt -1619.0 -19967.0
vt -10667.0 -19967.0
vt -10667.0 -20535.0

usemtl metal/metalhull010b
f 1386/4133 1382/4134 1384/4135 1383/4136 
usemtl metal/metalhull002a
f 1382/4137 1381/4138 1384/4139 
f 1385/4140 1386/4141 1383/4142 
f 1381/4143 1382/4144 1386/4145 1385/4146 
f 1384/4147 1381/4148 1385/4149 1383/4150 


o 202

v -3648.0 1440.0 6328.0
v -3648.0 1376.0 6328.0
v -3520.0 1376.0 6328.0
v -3520.0 1440.0 6328.0
v -3648.0 1376.0 6336.0
v -3648.0 1440.0 6336.0
v -3520.0 1440.0 6336.0
v -3520.0 1376.0 6336.0

vt -5759.0 25313.0
vt -5503.0 25313.0
vt -5503.0 25345.0
vt -5759.0 25345.0
vt -5503.0 25313.0
vt -5759.0 25313.0
vt -5759.0 25345.0
vt -5503.0 25345.0
vt -14591.0 25313.0
vt -14079.0 25313.0
vt -14079.0 25345.0
vt -14591.0 25345.0
vt -14079.0 25313.0
vt -14591.0 25313.0
vt -14591.0 25345.0
vt -14079.0 25345.0
vt -5503.0 14081.0
vt -5503.0 14593.0
vt -5759.0 14593.0
vt -5759.0 14081.0
vt -5503.0 14593.0
vt -5503.0 14081.0
vt -5759.0 14081.0
vt -5759.0 14593.0

usemtl metal/metalwall074a
f 1387/4151 1388/4152 1391/4153 1392/4154 
f 1389/4155 1390/4156 1393/4157 1394/4158 
f 1388/4159 1389/4160 1394/4161 1391/4162 
f 1390/4163 1387/4164 1392/4165 1393/4166 
usemtl metal/metalstair004b
f 1389/4167 1388/4168 1387/4169 1390/4170 
f 1391/4171 1394/4172 1393/4173 1392/4174 


o 204

v -2502.83 957.319 5119.75
v -2502.83 990.32 5119.75
v -2510.83 957.319 5119.75
v -2510.83 990.32 5119.75
v -2502.83 957.319 5115.75
v -2502.83 990.32 5115.75
v -2510.83 957.319 5115.75
v -2510.83 990.32 5115.75

vt 3962.28 20464.0
vt 3830.276 20464.0
vt 3830.276 20480.0
vt 3962.28 20480.0
vt 3830.276 20464.0
vt 3962.28 20464.0
vt 3962.28 20480.0
vt 3830.276 20480.0
vt 10044.32 20464.0
vt 10012.32 20464.0
vt 10012.32 20480.0
vt 10044.32 20480.0
vt 10012.32 20464.0
vt 10044.32 20464.0
vt 10044.32 20480.0
vt 10012.32 20480.0
vt 3830.276 -10010.32
vt 3830.276 -10042.32
vt 3962.28 -10042.32
vt 3962.28 -10010.32
vt 3830.276 -10042.32
vt 3830.276 -10010.32
vt 3962.28 -10010.32
vt 3962.28 -10042.32

usemtl metal/metalcombine002
f 1402/4175 1401/4176 1397/4177 1398/4178 
f 1399/4179 1400/4180 1396/4181 1395/4182 
f 1401/4183 1399/4184 1395/4185 1397/4186 
f 1400/4187 1402/4188 1398/4189 1396/4190 
f 1399/4191 1401/4192 1402/4193 1400/4194 
f 1397/4195 1395/4196 1396/4197 1398/4198 


o 206

v -3488.0 1472.0 6328.0
v -3488.0 1600.0 6328.0
v -3424.0 1472.0 6328.0
v -3424.0 1600.0 6328.0
v -3488.0 1472.0 6336.0
v -3488.0 1600.0 6336.0
v -3424.0 1472.0 6336.0
v -3424.0 1600.0 6336.0

vt -13951.0 25313.0
vt -13695.0 25313.0
vt -13695.0 25345.0
vt -13951.0 25345.0
vt -13695.0 25313.0
vt -13951.0 25313.0
vt -13951.0 25345.0
vt -13695.0 25345.0
vt -5887.0 13697.0
vt -5887.0 13953.0
vt -6399.0 13953.0
vt -6399.0 13697.0
vt -5887.0 13953.0
vt -5887.0 13697.0
vt -6399.0 13697.0
vt -6399.0 13953.0
vt -6399.0 25313.0
vt -5887.0 25313.0
vt -5887.0 25345.0
vt -6399.0 25345.0
vt -5887.0 25313.0
vt -6399.0 25313.0
vt -6399.0 25345.0
vt -5887.0 25345.0

usemtl metal/metalwall074a
f 1403/4199 1405/4200 1409/4201 1407/4202 
f 1406/4203 1404/4204 1408/4205 1410/4206 
usemtl metal/metalstair004b
f 1405/4207 1403/4208 1404/4209 1406/4210 
f 1407/4211 1409/4212 1410/4213 1408/4214 
usemtl metal/metalwall074a
f 1404/4215 1403/4216 1407/4217 1408/4218 
f 1405/4219 1406/4220 1410/4221 1409/4222 


o 208

v -3520.0 1472.0 6340.0
v -3648.0 1472.0 6340.0
v -3520.0 1456.0 6340.0
v -3648.0 1472.0 6288.0
v -3520.0 1472.0 6288.0
v -3648.0 1456.0 6340.0
v -3648.0 1456.0 6288.0
v -3520.0 1456.0 6288.0

vt 14593.0 5825.0
vt 14081.0 5825.0
vt 14081.0 5889.0
vt 14593.0 5889.0
vt -5887.0 25153.0
vt -5823.0 25153.0
vt -5823.0 25361.0
vt -5887.0 25361.0
vt -5823.0 25153.0
vt -5887.0 25153.0
vt -5887.0 25361.0
vt -5823.0 25361.0
vt 14593.0 25153.0
vt 14081.0 25153.0
vt 14081.0 25361.0
vt 14593.0 25361.0
vt 14081.0 25153.0
vt 14593.0 25153.0
vt 14593.0 25361.0
vt 14081.0 25361.0
vt 14081.0 5825.0
vt 14593.0 5825.0
vt 14593.0 5889.0
vt 14081.0 5889.0

usemtl metal/metalhull010b
f 1416/4223 1413/4224 1411/4225 1412/4226 
f 1414/4227 1417/4228 1416/4229 1412/4230 
f 1418/4231 1415/4232 1411/4233 1413/4234 
f 1417/4235 1418/4236 1413/4237 1416/4238 
f 1415/4239 1414/4240 1412/4241 1411/4242 
f 1418/4243 1417/4244 1414/4245 1415/4246 


o 210

v -4715.0 2745.0 4992.0
v -4715.0 2667.0 5134.0
v -4793.0 2667.0 4992.0
v -4715.0 2667.0 4992.0

vt 19173.0 19969.0
vt 18861.0 19969.0
vt 18861.0 20537.0
vt 18861.0 10669.0
vt 19173.0 10669.0
vt 18861.0 10981.0
vt 18861.0 19969.0
vt 19173.0 19969.0
vt 18861.0 20537.0
vt -10667.0 19969.0
vt -10979.0 19969.0
vt -10667.0 20537.0

usemtl metal/metalhull002a
f 1421/4247 1422/4248 1420/4249 
usemtl metal/metalhull010b
f 1422/4250 1421/4251 1419/4252 
f 1419/4253 1421/4254 1420/4255 
usemtl metal/metalhull002a
f 1422/4256 1419/4257 1420/4258 


o 212

v -3450.5 1404.5 5136.0
v -3532.0 1460.0 5440.0
v -3508.0 1484.0 5440.0
v -3508.0 1460.0 5440.0
v -3438.0 1376.67 5136.0
v -3520.0 1456.0 5440.0
v -3504.0 1472.0 5440.0
v -3455.33 1390.0 5136.0
v -3427.5 1402.5 5136.0
v -3452.5 1381.5 5136.0
v -3424.67 1394.0 5136.0
v -3442.0 1407.33 5136.0
v -3429.5 1379.5 5136.0
v -3532.0 1484.0 5440.0
v -3536.0 1472.0 5440.0
v -3520.0 1488.0 5440.0

vt 14129.0 5841.0
vt 14081.0 5825.0
vt 14033.0 5841.0
vt 14017.0 5889.0
vt 14033.0 5937.0
vt 14081.0 5953.0
vt 14129.0 5937.0
vt 14145.0 5889.0
vt 14129.0 21761.0
vt 14081.0 21761.0
vt 13769.0 20545.0
vt 13803.0 20545.0
vt 5619.0 20545.0
vt 5561.0 20545.0
vt 5889.0 21761.0
vt 5937.0 21761.0
vt 5561.0 20545.0
vt 5527.0 20545.0
vt 5841.0 21761.0
vt 5889.0 21761.0
vt 13811.0 20545.0
vt 13753.0 20545.0
vt 14081.0 21761.0
vt 14129.0 21761.0
vt 5577.0 20545.0
vt 5611.0 20545.0
vt 5937.0 21761.0
vt 5889.0 21761.0
vt 13711.0 20545.0
vt 13769.0 20545.0
vt 14081.0 21761.0
vt 14033.0 21761.0
vt 14033.0 21761.0
vt 14081.0 21761.0
vt 13753.0 20545.0
vt 13719.0 20545.0
vt 5519.0 20545.0
vt 5577.0 20545.0
vt 5889.0 21761.0
vt 5841.0 21761.0
vt -13717.0 5519.0
vt -13751.0 5507.68
vt -13809.0 5527.0
vt -13820.32 5561.0
vt -13801.0 5619.0
vt -13767.0 5630.32
vt -13709.0 5611.0
vt -13697.68 5577.0

usemtl metal/metalhull002a
f 1424/4259 1428/4260 1426/4261 1429/4262 1425/4263 1438/4264 1436/4265 1437/4266 
usemtl metal/metalhull010b
f 1436/4267 1438/4268 1434/4269 1423/4270 
f 1423/4271 1430/4272 1437/4273 1436/4274 
f 1430/4275 1432/4276 1424/4277 1437/4278 
f 1432/4279 1427/4280 1428/4281 1424/4282 
f 1433/4283 1431/4284 1425/4285 1429/4286 
f 1431/4287 1434/4288 1438/4289 1425/4290 
f 1426/4291 1428/4292 1427/4293 1435/4294 
f 1435/4295 1433/4296 1429/4297 1426/4298 
usemtl metal/metalhull002a
f 1435/4299 1427/4300 1432/4301 1430/4302 1423/4303 1434/4304 1431/4305 1433/4306 


o 214

v -2453.0 405.0 4992.0
v -4715.0 327.008 4992.0
v -4715.0 405.0 5134.0
v -2453.0 327.007 4992.0
v -2453.0 405.0 5134.0
v -4715.0 405.0 4992.0

vt -1619.0 19969.0
vt -1307.032 19969.0
vt -1619.0 20537.0
vt -1307.028 19969.0
vt -1619.0 19969.0
vt -1619.0 20537.0
vt 9813.0 -19967.0
vt 18861.0 -19967.0
vt 18861.0 -20535.0
vt 9813.0 -20535.0
vt -9811.0 1309.028
vt -18859.0 1309.032
vt -18859.0 1621.0
vt -9811.0 1621.0
vt 18861.0 -20535.0
vt 18861.0 -19967.0
vt 9813.0 -19967.0
vt 9813.0 -20535.0

usemtl metal/metalhull002a
f 1444/4307 1440/4308 1441/4309 
f 1442/4310 1439/4311 1443/4312 
usemtl metal/metalhull010b
f 1439/4313 1444/4314 1441/4315 1443/4316 
usemtl metal/metalhull002a
f 1442/4317 1440/4318 1444/4319 1439/4320 
f 1441/4321 1440/4322 1442/4323 1443/4324 


o 216

v -3664.0 1520.0 5824.0
v -3664.0 1552.0 5920.0
v -3648.0 1520.0 5824.0
v -3648.0 1552.0 5920.0
v -3664.0 1552.0 5824.0
v -3664.0 1520.0 5920.0
v -3648.0 1552.0 5824.0
v -3648.0 1520.0 5920.0

vt -6207.0 23297.0
vt -6079.0 23297.0
vt -6079.0 23681.0
vt -6207.0 23681.0
vt -6079.0 23297.0
vt -6207.0 23297.0
vt -6207.0 23681.0
vt -6079.0 23681.0
vt 14657.0 23297.0
vt 14593.0 23297.0
vt 14593.0 23681.0
vt 14657.0 23681.0
vt 14593.0 23297.0
vt 14657.0 23297.0
vt 14657.0 23681.0
vt 14593.0 23681.0
vt 14593.0 6081.0
vt 14657.0 6081.0
vt 14657.0 6209.0
vt 14593.0 6209.0
vt 14657.0 6081.0
vt 14593.0 6081.0
vt 14593.0 6209.0
vt 14657.0 6209.0

usemtl concrete/concretefloor026a
f 1449/4325 1445/4326 1450/4327 1446/4328 
f 1447/4329 1451/4330 1448/4331 1452/4332 
f 1445/4333 1447/4334 1452/4335 1450/4336 
f 1451/4337 1449/4338 1446/4339 1448/4340 
f 1447/4341 1445/4342 1449/4343 1451/4344 
f 1450/4345 1452/4346 1448/4347 1446/4348 


o 218

v -3728.0 1504.0 6328.0
v -3728.0 1568.0 6328.0
v -3744.0 1504.0 6336.0
v -3744.0 1568.0 6336.0
v -3728.0 1568.0 6336.0
v -3728.0 1504.0 6336.0
v -3744.0 1568.0 6328.0
v -3744.0 1504.0 6328.0

vt -25311.0 -6271.0
vt -25311.0 -6015.0
vt -25343.0 -6015.0
vt -25343.0 -6271.0
vt -6015.0 25313.0
vt -6271.0 25313.0
vt -6271.0 25345.0
vt -6015.0 25345.0
vt 14977.0 25313.0
vt 14913.0 25313.0
vt 14913.0 25345.0
vt 14977.0 25345.0
vt -14911.0 25313.0
vt -14975.0 25313.0
vt -14975.0 25345.0
vt -14911.0 25345.0
vt 14913.0 6017.0
vt 14977.0 6017.0
vt 14977.0 6273.0
vt 14913.0 6273.0
vt 14977.0 6017.0
vt 14913.0 6017.0
vt 14913.0 6273.0
vt 14977.0 6273.0

usemtl metal/metalwall074a
f 1459/4349 1460/4350 1455/4351 1456/4352 
f 1453/4353 1454/4354 1457/4355 1458/4356 
usemtl metal/metalhull002a
f 1460/4357 1453/4358 1458/4359 1455/4360 
f 1454/4361 1459/4362 1456/4363 1457/4364 
usemtl metal/metaltruss019a
f 1453/4365 1460/4366 1459/4367 1454/4368 
f 1455/4369 1458/4370 1457/4371 1456/4372 


o 220

v -3595.0 1611.0 5632.0
v -3595.0 1589.0 5536.0
v -3573.0 1589.0 5536.0
v -3600.0 1600.0 5536.0
v -3584.0 1616.0 5536.0
v -3568.0 1600.0 5632.0
v -3584.0 1584.0 5632.0
v -3595.0 1611.0 5536.0
v -3573.0 1611.0 5632.0
v -3568.0 1600.0 5536.0
v -3584.0 1584.0 5536.0
v -3573.0 1611.0 5536.0
v -3595.0 1589.0 5632.0
v -3573.0 1589.0 5632.0
v -3600.0 1600.0 5632.0
v -3584.0 1616.0 5632.0

vt -6399.0 22145.0
vt -6355.0 22145.0
vt -6355.0 22529.0
vt -6399.0 22529.0
vt -6443.0 22145.0
vt -6399.0 22145.0
vt -6399.0 22529.0
vt -6443.0 22529.0
vt 14337.0 22145.0
vt 14381.0 22145.0
vt 14381.0 22529.0
vt 14337.0 22529.0
vt -6355.0 22145.0
vt -6399.0 22145.0
vt -6399.0 22529.0
vt -6355.0 22529.0
vt 14337.0 22145.0
vt 14293.0 22145.0
vt 14293.0 22529.0
vt 14337.0 22529.0
vt 14293.0 22145.0
vt 14337.0 22145.0
vt 14337.0 22529.0
vt 14293.0 22529.0
vt -6399.0 22145.0
vt -6443.0 22145.0
vt -6443.0 22529.0
vt -6399.0 22529.0
vt 14293.0 6357.0
vt 14337.0 6337.0
vt 14381.0 6357.0
vt 14401.0 6401.0
vt 14381.0 6445.0
vt 14337.0 6465.0
vt 14293.0 6445.0
vt 14273.0 6401.0
vt 14381.0 6357.0
vt 14337.0 6337.0
vt 14293.0 6357.0
vt 14273.0 6401.0
vt 14293.0 6445.0
vt 14337.0 6465.0
vt 14381.0 6445.0
vt 14401.0 6401.0
vt 14381.0 22145.0
vt 14337.0 22145.0
vt 14337.0 22529.0
vt 14381.0 22529.0

usemtl metal/metalhull010b
f 1464/4373 1462/4374 1473/4375 1475/4376 
f 1468/4377 1464/4378 1475/4379 1461/4380 
f 1465/4381 1468/4382 1461/4383 1476/4384 
f 1463/4385 1470/4386 1466/4387 1474/4388 
f 1471/4389 1463/4390 1474/4391 1467/4392 
f 1472/4393 1465/4394 1476/4395 1469/4396 
f 1470/4397 1472/4398 1469/4399 1466/4400 
f 1463/4401 1471/4402 1462/4403 1464/4404 1468/4405 1465/4406 1472/4407 1470/4408 
f 1473/4409 1467/4410 1474/4411 1466/4412 1469/4413 1476/4414 1461/4415 1475/4416 
f 1462/4417 1471/4418 1467/4419 1473/4420 


o 222

v -2498.83 957.319 5131.75
v -2498.83 990.32 5131.75
v -2498.83 957.319 5135.75
v -2498.83 990.32 5135.75
v -2506.83 957.319 5131.75
v -2506.83 990.32 5131.75
v -2506.83 957.319 5135.75
v -2506.83 990.32 5135.75

vt 3962.28 20528.0
vt 3830.276 20528.0
vt 3830.276 20544.0
vt 3962.28 20544.0
vt 3830.276 20528.0
vt 3962.28 20528.0
vt 3962.28 20544.0
vt 3830.276 20544.0
vt 10028.32 20528.0
vt 9996.32 20528.0
vt 9996.32 20544.0
vt 10028.32 20544.0
vt 9996.32 20528.0
vt 10028.32 20528.0
vt 10028.32 20544.0
vt 9996.32 20544.0
vt 3830.276 -9994.32
vt 3830.276 -10026.32
vt 3962.28 -10026.32
vt 3962.28 -9994.32
vt 3830.276 -10026.32
vt 3830.276 -9994.32
vt 3962.28 -9994.32
vt 3962.28 -10026.32

usemtl metal/metalcombine002
f 1482/4421 1481/4422 1483/4423 1484/4424 
f 1477/4425 1478/4426 1480/4427 1479/4428 
f 1481/4429 1477/4430 1479/4431 1483/4432 
f 1478/4433 1482/4434 1484/4435 1480/4436 
f 1477/4437 1481/4438 1482/4439 1478/4440 
f 1483/4441 1479/4442 1480/4443 1484/4444 


o 224

v -3744.0 1440.0 6336.0
v -3744.0 1504.0 6336.0
v -3680.0 1504.0 6336.0
v -3680.0 1440.0 6336.0
v -3744.0 1504.0 6328.0
v -3744.0 1440.0 6328.0
v -3680.0 1440.0 6328.0
v -3680.0 1504.0 6328.0

vt -6015.0 25313.0
vt -5759.0 25313.0
vt -5759.0 25345.0
vt -6015.0 25345.0
vt -5759.0 25313.0
vt -6015.0 25313.0
vt -6015.0 25345.0
vt -5759.0 25345.0
vt -14975.0 25313.0
vt -14719.0 25313.0
vt -14719.0 25345.0
vt -14975.0 25345.0
vt -14719.0 25313.0
vt -14975.0 25313.0
vt -14975.0 25345.0
vt -14719.0 25345.0
vt -5759.0 14721.0
vt -5759.0 14977.0
vt -6015.0 14977.0
vt -6015.0 14721.0
vt -5759.0 14977.0
vt -5759.0 14721.0
vt -6015.0 14721.0
vt -6015.0 14977.0

usemtl metal/metalwall074a
f 1489/4445 1490/4446 1485/4447 1486/4448 
f 1491/4449 1492/4450 1487/4451 1488/4452 
f 1490/4453 1491/4454 1488/4455 1485/4456 
f 1492/4457 1489/4458 1486/4459 1487/4460 
usemtl metal/metalstair004b
f 1491/4461 1490/4462 1489/4463 1492/4464 
f 1485/4465 1488/4466 1487/4467 1486/4468 


o 226

v 184.996 -3691.0 4992.0
v 107.0 -3691.0 4992.0
v 107.0 -3769.0 4992.0
v 107.0 -3691.0 5134.0

vt 14765.0 19969.0
vt 15077.0 19969.0
vt 14765.0 20537.0
vt 740.984 19969.0
vt 429.0 19969.0
vt 429.0 20537.0
vt 429.0 15077.0
vt 429.0 14765.0
vt 740.984 14765.0
vt 429.0 19969.0
vt 740.984 19969.0
vt 429.0 20537.0

usemtl metal/metalhull002a
f 1494/4469 1495/4470 1496/4471 
f 1493/4472 1494/4473 1496/4474 
usemtl metal/metalhull010b
f 1495/4475 1494/4476 1493/4477 
f 1495/4478 1493/4479 1496/4480 


o 228

v -4720.0 544.0 5120.0
v -2448.0 544.0 5120.0
v -4720.0 544.0 5112.0
v -2448.0 544.0 5112.0
v -4720.0 520.0 5120.0
v -2448.0 520.0 5120.0
v -4720.0 520.0 5112.0
v -2448.0 520.0 5112.0

vt -2175.0 20449.0
vt -2079.0 20449.0
vt -2079.0 20481.0
vt -2175.0 20481.0
vt -2079.0 20449.0
vt -2175.0 20449.0
vt -2175.0 20481.0
vt -2079.0 20481.0
vt -18879.0 20449.0
vt -9791.0 20449.0
vt -9791.0 20481.0
vt -18879.0 20481.0
vt -9791.0 20449.0
vt -18879.0 20449.0
vt -18879.0 20481.0
vt -9791.0 20481.0
vt -2079.0 9793.0
vt -2079.0 18881.0
vt -2175.0 18881.0
vt -2175.0 9793.0
vt -2079.0 18881.0
vt -2079.0 9793.0
vt -2175.0 9793.0
vt -2175.0 18881.0

usemtl metal/metalhull002a
f 1499/4481 1503/4482 1501/4483 1497/4484 
f 1504/4485 1500/4486 1498/4487 1502/4488 
usemtl metal/metalhull010b
f 1503/4489 1504/4490 1502/4491 1501/4492 
f 1500/4493 1499/4494 1497/4495 1498/4496 
f 1504/4497 1503/4498 1499/4499 1500/4500 
f 1501/4501 1502/4502 1498/4503 1497/4504 


o 230

v -4720.0 2648.0 5120.0
v -2448.0 2648.0 5120.0
v -4720.0 2648.0 5112.0
v -2448.0 2648.0 5112.0
v -4720.0 2624.0 5120.0
v -2448.0 2624.0 5120.0
v -4720.0 2624.0 5112.0
v -2448.0 2624.0 5112.0

vt -10495.0 9793.0
vt -10495.0 18881.0
vt -10591.0 18881.0
vt -10591.0 9793.0
vt -10495.0 18881.0
vt -10495.0 9793.0
vt -10591.0 9793.0
vt -10591.0 18881.0
vt -10591.0 20449.0
vt -10495.0 20449.0
vt -10495.0 20481.0
vt -10591.0 20481.0
vt -10495.0 20449.0
vt -10591.0 20449.0
vt -10591.0 20481.0
vt -10495.0 20481.0
vt -18879.0 20449.0
vt -9791.0 20449.0
vt -9791.0 20481.0
vt -18879.0 20481.0
vt -9791.0 20449.0
vt -18879.0 20449.0
vt -18879.0 20481.0
vt -9791.0 20481.0

usemtl metal/metalhull010b
f 1512/4505 1511/4506 1507/4507 1508/4508 
f 1509/4509 1510/4510 1506/4511 1505/4512 
f 1507/4513 1511/4514 1509/4515 1505/4516 
f 1512/4517 1508/4518 1506/4519 1510/4520 
f 1511/4521 1512/4522 1510/4523 1509/4524 
f 1508/4525 1507/4526 1505/4527 1506/4528 


o 232

v -2232.99 -3691.0 4992.0
v -2155.0 -1429.0 5134.0
v -2155.0 -3691.0 5134.0
v -2155.0 -1429.0 4992.0
v -2232.99 -1429.0 4992.0
v -2155.0 -3691.0 4992.0

vt 14765.0 -19967.0
vt 14765.0 -20535.0
vt 5717.0 -20535.0
vt 5717.0 -19967.0
vt 14765.0 -19967.0
vt 5717.0 -19967.0
vt 5717.0 -20535.0
vt 14765.0 -20535.0
vt 8932.96 19969.0
vt 8621.0 19969.0
vt 8621.0 20537.0
vt -8619.0 19969.0
vt -8930.96 19969.0
vt -8619.0 20537.0
vt -8619.0 -14763.0
vt -8930.96 -14763.0
vt -8930.96 -5715.0
vt -8619.0 -5715.0

usemtl metal/metalhull002a
f 1513/4529 1515/4530 1514/4531 1517/4532 
usemtl metal/metalhull010b
f 1518/4533 1516/4534 1514/4535 1515/4536 
usemtl metal/metalhull002a
f 1513/4537 1518/4538 1515/4539 
f 1516/4540 1517/4541 1514/4542 
f 1518/4543 1513/4544 1517/4545 1516/4546 


o 234

v -2496.0 1741.0 5120.0
v -2496.0 1741.0 5112.0
v -2496.0 1717.0 5120.0
v -2472.0 1741.0 5120.0
v -2496.0 1717.0 5112.0
v -2472.0 1741.0 5112.0

vt 6965.0 20449.0
vt 6869.0 20449.0
vt 6869.0 20481.0
vt 6965.0 20481.0
vt -9887.0 20449.0
vt -9983.0 20449.0
vt -9983.0 20481.0
vt -9887.0 20481.0
vt -9983.0 -6867.0
vt -9983.0 -6963.0
vt -9887.0 -6963.0
vt -9983.0 -6867.0
vt -9887.0 -6963.0
vt -9983.0 -6963.0
vt 6869.0 20449.0
vt 6965.0 20449.0
vt 6965.0 20481.0
vt 6869.0 20481.0

usemtl metal/metalhull010b
f 1520/4547 1523/4548 1521/4549 1519/4550 
usemtl metal/metalhull002a
f 1524/4551 1520/4552 1519/4553 1522/4554 
usemtl metal/metalhull010b
f 1523/4555 1520/4556 1524/4557 
f 1521/4558 1522/4559 1519/4560 
f 1523/4561 1524/4562 1522/4563 1521/4564 


o 236

v -2453.0 405.0 4992.0
v -2453.0 327.002 4992.0
v -2453.0 405.0 5134.0
v -2375.0 405.0 4992.0

vt -1619.0 19969.0
vt -1307.008 19969.0
vt -1619.0 20537.0
vt -9499.0 19969.0
vt -9811.0 19969.0
vt -9811.0 20537.0
vt -9811.0 -1307.008
vt -9811.0 -1619.0
vt -9499.0 -1619.0
vt -9811.0 19969.0
vt -9499.0 19969.0
vt -9811.0 20537.0

usemtl metal/metalhull002a
f 1525/4565 1526/4566 1527/4567 
f 1528/4568 1525/4569 1527/4570 
usemtl metal/metalhull010b
f 1526/4571 1525/4572 1528/4573 
f 1526/4574 1528/4575 1527/4576 


o 238

v -2496.0 2672.0 5120.0
v -2496.0 1741.0 5120.0
v -2496.0 2672.0 5112.0
v -2496.0 1741.0 5112.0
v -2472.0 2672.0 5120.0
v -2472.0 1741.0 5120.0
v -2472.0 2672.0 5112.0
v -2472.0 1741.0 5112.0

vt -10687.0 20449.0
vt -6963.0 20449.0
vt -6963.0 20481.0
vt -10687.0 20481.0
vt -6963.0 20449.0
vt -10687.0 20449.0
vt -10687.0 20481.0
vt -6963.0 20481.0
vt 9985.0 20449.0
vt 9889.0 20449.0
vt 9889.0 20481.0
vt 9985.0 20481.0
vt 9889.0 20449.0
vt 9985.0 20449.0
vt 9985.0 20481.0
vt 9889.0 20481.0
vt 9889.0 6965.0
vt 9985.0 6965.0
vt 9985.0 10689.0
vt 9889.0 10689.0
vt 9985.0 6965.0
vt 9889.0 6965.0
vt 9889.0 10689.0
vt 9985.0 10689.0

usemtl metal/metalhull010b
f 1531/4577 1532/4578 1530/4579 1529/4580 
f 1536/4581 1535/4582 1533/4583 1534/4584 
f 1532/4585 1536/4586 1534/4587 1530/4588 
f 1535/4589 1531/4590 1529/4591 1533/4592 
f 1536/4593 1532/4594 1531/4595 1535/4596 
f 1530/4597 1534/4598 1533/4599 1529/4600 


o 240

v -2160.0 -1544.0 5120.0
v 112.0 -1568.0 5112.0
v -2160.0 -1544.0 5112.0
v 112.0 -1568.0 5120.0
v -2160.0 -1568.0 5120.0
v 112.0 -1544.0 5112.0
v -2160.0 -1568.0 5112.0
v 112.0 -1544.0 5120.0

vt 6177.0 20449.0
vt 6273.0 20449.0
vt 6273.0 20481.0
vt 6177.0 20481.0
vt 6273.0 20449.0
vt 6177.0 20449.0
vt 6177.0 20481.0
vt 6273.0 20481.0
vt -8639.0 20449.0
vt 449.0 20449.0
vt 449.0 20481.0
vt -8639.0 20481.0
vt 449.0 20449.0
vt -8639.0 20449.0
vt -8639.0 20481.0
vt 449.0 20481.0
vt 6273.0 -447.0
vt 6273.0 8641.0
vt 6177.0 8641.0
vt 6177.0 -447.0
vt 6273.0 8641.0
vt 6273.0 -447.0
vt 6177.0 -447.0
vt 6177.0 8641.0

usemtl metal/metalhull002a
f 1539/4601 1543/4602 1541/4603 1537/4604 
f 1538/4605 1542/4606 1544/4607 1540/4608 
usemtl metal/metalhull010b
f 1543/4609 1538/4610 1540/4611 1541/4612 
f 1542/4613 1539/4614 1537/4615 1544/4616 
f 1538/4617 1543/4618 1539/4619 1542/4620 
f 1541/4621 1540/4622 1544/4623 1537/4624 


o 242

v -2499.83 1047.32 5135.75
v -2499.83 1080.32 5135.75
v -2507.83 1047.32 5135.75
v -2507.83 1080.32 5135.75
v -2499.83 1047.32 5131.75
v -2499.83 1080.32 5131.75
v -2507.83 1047.32 5131.75
v -2507.83 1080.32 5131.75

vt 4322.28 20528.0
vt 4190.28 20528.0
vt 4190.28 20544.0
vt 4322.28 20544.0
vt 4190.28 20528.0
vt 4322.28 20528.0
vt 4322.28 20544.0
vt 4190.28 20544.0
vt 10032.32 20528.0
vt 10000.32 20528.0
vt 10000.32 20544.0
vt 10032.32 20544.0
vt 10000.32 20528.0
vt 10032.32 20528.0
vt 10032.32 20544.0
vt 10000.32 20544.0
vt 4190.28 -9998.32
vt 4190.28 -10030.32
vt 4322.28 -10030.32
vt 4322.28 -9998.32
vt 4190.28 -10030.32
vt 4190.28 -9998.32
vt 4322.28 -9998.32
vt 4322.28 -10030.32

usemtl metal/metalcombine002
f 1552/4625 1551/4626 1547/4627 1548/4628 
f 1549/4629 1550/4630 1546/4631 1545/4632 
f 1551/4633 1549/4634 1545/4635 1547/4636 
f 1550/4637 1552/4638 1548/4639 1546/4640 
f 1549/4641 1551/4642 1552/4643 1550/4644 
f 1547/4645 1545/4646 1546/4647 1548/4648 


o 244

v -3575.923076923076 1521.3461538461538 9024.0
v -3590.0 1521.0 9248.0
v -3573.0 1547.0 9248.0
v -3580.0689655172414 1519.344827586207 9248.0
v -3569.0 1530.0 9024.0
v -3578.0 1521.0 9248.0
v -3590.0 1521.0 9024.0
v -3572.99 1546.99 9024.0
v -3580.0689655172414 1552.655172413793 9248.0
v -3578.0 1521.0 9024.0
v -3590.0 1551.0 9024.0
v -3599.0 1542.0 9248.0
v -3594.98 1524.99 9248.0
v -3599.0 1542.0 9024.0
v -3595.0 1525.0 9024.0
v -3577.99 1551.0 9024.0
v -3592.0769230769224 1550.6538461538464 9024.0
v -3569.0 1530.0 9248.0
v -3569.346538461539 1527.9207692307689 9024.0
v -3569.3465384615392 1527.9207692307689 9024.0
v -3569.0 1542.0 9024.0
v -3595.0 1547.0 9024.0
v -3567.344482758621 1539.9331034482761 9024.0
v -3598.6538461538466 1527.9230769230767 9024.0
v -3587.9331034482757 1519.3444827586206 9248.0
v -3575.9207692307696 1550.6534615384617 9024.0
v -3575.9207692307687 1550.6534615384617 9024.0
v -3568.0 1536.0 9024.0
v -3584.0 1520.0 9024.0
v -3590.0 1551.0 9248.0
v -3587.931888544892 1552.6553147574823 9248.0
v -3578.0 1551.0 9248.0
v -3592.059724137931 1521.343287356322 9248.0
v -3600.6551724137935 1539.9310344827582 9248.0
v -3573.0 1525.0 9248.0
v -3599.0 1530.01 9248.0
v -3598.6545105566224 1544.0729366602698 9248.0
v -3598.654510556622 1544.0729366602698 9248.0
v -3584.0 1552.0 9248.0
v -3600.0 1536.0 9248.0
v -3573.01 1524.99 9024.0
v -3567.3448275862065 1532.068965517241 9248.0
v -3569.0 1542.0 9248.0
v -3595.01 1546.99 9248.0
v -3600.654076870282 1532.0755387783124 9248.0
v -3569.3476923076923 1544.0861538461534 9024.0
v -3599.0 1530.0 9024.0
v -3600.0 1536.0 9024.0
v -3584.0 1552.0 9024.0
v -3584.0 1520.0 9248.0
v -3568.0 1536.0 9248.0

vt 14273.0 6145.0
vt 14277.0 6121.0
vt 14278.386153846155 6112.6830769230755
vt 14293.04 6100.96
vt 14304.692307692305 6086.384615384615
vt 14313.0 6085.0
vt 14337.0 6081.0
vt 14361.0 6085.0
vt 14381.0 6101.0
vt 14395.615384615387 6112.692307692307
vt 14397.0 6121.0
vt 14401.0 6145.0
vt 14397.0 6169.0
vt 14381.0 6189.0
vt 14369.30769230769 6203.615384615386
vt 14361.0 6205.0
vt 14337.0 6209.0
vt 14312.96 6205.0
vt 14304.683076923078 6203.613846153847
vt 14292.96 6188.96
vt 14278.39076923077 6177.3446153846135
vt 14277.0 6169.0
vt 14270.377931034483 6160.732413793105
vt 14403.616307481128 6129.30215511325
vt 14397.0 6121.04
vt 14380.92 6100.96
vt 14369.238896551724 6086.373149425288
vt 14361.0 6085.0
vt 14352.732413793103 6078.377931034483
vt 14337.0 6081.0
vt 14321.275862068966 6078.379310344828
vt 14313.0 6085.0
vt 14293.0 6101.0
vt 14277.0 6121.0
vt 14270.379310344826 6129.275862068964
vt 14273.0 6145.0
vt 14277.0 6169.0
vt 14293.0 6189.0
vt 14313.0 6205.0
vt 14321.275862068966 6211.620689655172
vt 14337.0 6209.0
vt 14352.727554179568 6211.621259029929
vt 14361.0 6205.0
vt 14381.04 6188.96
vt 14395.61804222649 6177.291746641079
vt 14397.0 6169.0
vt 14403.620689655174 6160.724137931033
vt 14401.0 6145.0
vt -6110.6830769230755 36097.0
vt -6119.0 36097.0
vt -6143.0 36097.0
vt -6158.732413793105 36097.0
vt -6143.0 36993.0
vt -6119.0 36993.0
vt -6084.384615384615 36097.0
vt -6098.96 36097.0
vt -6119.0 36097.0
vt -6127.275862068964 36993.0
vt -6119.0 36993.0
vt -6099.0 36993.0
vt 14313.0 36097.0
vt 14293.04 36097.0
vt 14278.386153846157 36097.0
vt 14293.0 36993.0
vt 14313.0 36993.0
vt 14321.275862068966 36993.0
vt 14337.0 36097.0
vt 14313.0 36097.0
vt 14304.692307692305 36097.0
vt 14313.0 36993.0
vt 14337.0 36993.0
vt 14352.732413793103 36993.0
vt 14361.0 36097.0
vt 14337.0 36097.0
vt 14321.275862068966 36993.0
vt 14337.0 36993.0
vt 14361.0 36993.0
vt 14369.238896551724 36993.0
vt 14395.615384615387 36097.0
vt 14381.0 36097.0
vt 14361.0 36097.0
vt 14352.732413793103 36993.0
vt 14361.0 36993.0
vt 14380.92 36993.0
vt -6119.0 36097.0
vt -6099.0 36097.0
vt -6084.373149425288 36993.0
vt -6098.96 36993.0
vt -6119.04 36993.0
vt -6127.30215511325 36993.0
vt -6143.0 36097.0
vt -6119.0 36097.0
vt -6110.692307692307 36097.0
vt -6119.04 36993.0
vt -6143.0 36993.0
vt -6158.724137931033 36993.0
vt -6167.0 36097.0
vt -6143.0 36097.0
vt -6127.30215511325 36993.0
vt -6143.0 36993.0
vt -6167.0 36993.0
vt -6175.291746641079 36993.0
vt -6201.615384615386 36097.0
vt -6187.0 36097.0
vt -6167.0 36097.0
vt -6158.724137931033 36993.0
vt -6167.0 36993.0
vt -6186.96 36993.0
vt 14361.0 36097.0
vt 14381.0 36097.0
vt 14395.618042226488 36993.0
vt 14381.04 36993.0
vt 14361.0 36993.0
vt 14352.727554179568 36993.0
vt 14337.0 36097.0
vt 14361.0 36097.0
vt 14369.30769230769 36097.0
vt 14361.0 36993.0
vt 14337.0 36993.0
vt 14321.275862068966 36993.0
vt -6158.732413793105 36097.0
vt -6167.0 36097.0
vt -6186.96 36097.0
vt -6201.613846153847 36097.0
vt -6187.0 36993.0
vt -6167.0 36993.0
vt -6143.0 36097.0
vt -6167.0 36097.0
vt -6175.3446153846135 36097.0
vt -6167.0 36993.0
vt -6143.0 36993.0
vt -6127.275862068964 36993.0
vt 14304.683076923075 36097.0
vt 14312.96 36097.0
vt 14337.0 36097.0
vt 14352.727554179568 36993.0
vt 14337.0 36993.0
vt 14313.0 36993.0
vt 14278.39076923077 36097.0
vt 14292.96 36097.0
vt 14312.96 36097.0
vt 14321.275862068966 36993.0
vt 14313.0 36993.0
vt 14293.0 36993.0

usemtl metal/metalwall030a
f 1580/4649 1557/4650 1571/4651 1593/4652 1553/4653 1562/4654 1581/4655 1559/4656 1567/4657 1576/4658 1599/4659 1600/4660 1566/4661 1574/4662 1569/4663 1563/4664 1601/4665 1568/4666 1578/4667 1560/4668 1598/4669 1573/4670 1575/4671 
f 1597/4672 1588/4673 1565/4674 1585/4675 1554/4676 1577/4677 1602/4678 1556/4679 1558/4680 1587/4681 1570/4682 1594/4683 1603/4684 1595/4685 1555/4686 1584/4687 1561/4688 1591/4689 1583/4690 1582/4691 1596/4692 1589/4693 1564/4694 1586/4695 1592/4696 
f 1571/4697 1557/4698 1580/4699 1575/4700 1603/4701 1570/4702 
f 1553/4703 1593/4704 1557/4705 1594/4706 1570/4707 1587/4708 
f 1562/4709 1593/4710 1572/4711 1587/4712 1558/4713 1556/4714 
f 1581/4715 1562/4716 1553/4717 1558/4718 1602/4719 1577/4720 
f 1559/4721 1581/4722 1556/4723 1602/4724 1554/4725 1585/4726 
f 1576/4727 1567/4728 1559/4729 1577/4730 1554/4731 1565/4732 
f 1599/4733 1567/4734 1585/4735 1565/4736 1588/4737 1597/4738 
f 1600/4739 1599/4740 1576/4741 1588/4742 1592/4743 1586/4744 
f 1566/4745 1600/4746 1597/4747 1592/4748 1564/4749 1589/4750 
f 1569/4751 1574/4752 1566/4753 1586/4754 1564/4755 1596/4756 
f 1563/4757 1574/4758 1590/4759 1596/4760 1582/4761 1583/4762 
f 1601/4763 1563/4764 1569/4765 1582/4766 1591/4767 1561/4768 
f 1575/4769 1573/4770 1560/4771 1578/4772 1555/4773 1595/4774 
f 1580/4775 1573/4776 1598/4777 1595/4778 1603/4779 1594/4780 
f 1579/4781 1568/4782 1601/4783 1583/4784 1591/4785 1584/4786 
f 1598/4787 1560/4788 1568/4789 1561/4790 1584/4791 1555/4792 


o 246

v 107.0 -1429.0 4992.0
v 185.0 -1429.0 4992.0
v 107.0 -1429.0 5134.0
v 107.0 -1351.0 4992.0

vt 5405.0 19969.0
vt 5717.0 19969.0
vt 5717.0 20537.0
vt -427.0 19969.0
vt -739.0 19969.0
vt -427.0 20537.0
vt 741.0 -5715.0
vt 429.0 -5715.0
vt 429.0 -5403.0
vt 741.0 19969.0
vt 429.0 19969.0
vt 429.0 20537.0

usemtl metal/metalhull002a
f 1607/4793 1604/4794 1606/4795 
f 1604/4796 1605/4797 1606/4798 
usemtl metal/metalhull010b
f 1605/4799 1604/4800 1607/4801 
f 1605/4802 1607/4803 1606/4804 


o 248

v -3659.0 1547.0 5632.0
v -3659.0 1525.0 5536.0
v -3648.0 1520.0 5632.0
v -3632.0 1536.0 5632.0
v -3664.0 1536.0 5536.0
v -3648.0 1552.0 5536.0
v -3637.0 1525.0 5536.0
v -3659.0 1547.0 5536.0
v -3637.0 1547.0 5632.0
v -3648.0 1520.0 5536.0
v -3632.0 1536.0 5536.0
v -3637.0 1547.0 5536.0
v -3659.0 1525.0 5632.0
v -3648.0 1552.0 5632.0
v -3664.0 1536.0 5632.0
v -3637.0 1525.0 5632.0

vt 14637.0 6101.0
vt 14593.0 6081.0
vt 14549.0 6101.0
vt 14529.0 6145.0
vt 14549.0 6189.0
vt 14593.0 6209.0
vt 14637.0 6189.0
vt 14657.0 6145.0
vt 14637.0 22145.0
vt 14593.0 22145.0
vt 14593.0 22529.0
vt 14637.0 22529.0
vt -6143.0 22145.0
vt -6099.0 22145.0
vt -6099.0 22529.0
vt -6143.0 22529.0
vt -6187.0 22145.0
vt -6143.0 22145.0
vt -6143.0 22529.0
vt -6187.0 22529.0
vt 14593.0 22145.0
vt 14637.0 22145.0
vt 14637.0 22529.0
vt 14593.0 22529.0
vt -6099.0 22145.0
vt -6143.0 22145.0
vt -6143.0 22529.0
vt -6099.0 22529.0
vt 14593.0 22145.0
vt 14549.0 22145.0
vt 14549.0 22529.0
vt 14593.0 22529.0
vt 14549.0 22145.0
vt 14593.0 22145.0
vt 14593.0 22529.0
vt 14549.0 22529.0
vt -6143.0 22145.0
vt -6187.0 22145.0
vt -6187.0 22529.0
vt -6143.0 22529.0
vt -14547.0 6101.0
vt -14591.0 6081.0
vt -14635.0 6101.0
vt -14655.0 6145.0
vt -14635.0 6189.0
vt -14591.0 6209.0
vt -14547.0 6189.0
vt -14527.0 6145.0

usemtl metal/metalhull002a
f 1620/4805 1610/4806 1623/4807 1611/4808 1616/4809 1621/4810 1608/4811 1622/4812 
usemtl metal/metalhull010b
f 1609/4813 1617/4814 1610/4815 1620/4816 
f 1612/4817 1609/4818 1620/4819 1622/4820 
f 1615/4821 1612/4822 1622/4823 1608/4824 
f 1613/4825 1615/4826 1608/4827 1621/4828 
f 1614/4829 1618/4830 1611/4831 1623/4832 
f 1617/4833 1614/4834 1623/4835 1610/4836 
f 1619/4837 1613/4838 1621/4839 1616/4840 
f 1618/4841 1619/4842 1616/4843 1611/4844 
usemtl metal/metalhull002a
f 1614/4845 1617/4846 1609/4847 1612/4848 1615/4849 1613/4850 1619/4851 1618/4852 


o 250

v -1337.32 -1487.83 5119.75
v -1337.32 -1479.83 5119.75
v -1337.32 -1487.83 5115.75
v -1370.32 -1479.83 5115.75
v -1370.32 -1487.83 5119.75
v -1370.32 -1479.83 5119.75
v -1370.32 -1487.83 5115.75
v -1337.32 -1479.83 5115.75

vt 5920.32 20464.0
vt 5952.32 20464.0
vt 5952.32 20480.0
vt 5920.32 20480.0
vt 5952.32 20464.0
vt 5920.32 20464.0
vt 5920.32 20480.0
vt 5952.32 20480.0
vt 5482.28 20464.0
vt 5350.28 20464.0
vt 5350.28 20480.0
vt 5482.28 20480.0
vt 5350.28 20464.0
vt 5482.28 20464.0
vt 5482.28 20480.0
vt 5350.28 20480.0
vt 5350.28 -5950.32
vt 5482.28 -5950.32
vt 5482.28 -5918.32
vt 5350.28 -5918.32
vt 5482.28 -5950.32
vt 5350.28 -5950.32
vt 5350.28 -5918.32
vt 5482.28 -5918.32

usemtl metal/metalcombine002
f 1627/4853 1630/4854 1628/4855 1629/4856 
f 1626/4857 1631/4858 1625/4859 1624/4860 
f 1630/4861 1626/4862 1624/4863 1628/4864 
f 1631/4865 1627/4866 1629/4867 1625/4868 
f 1626/4869 1630/4870 1627/4871 1631/4872 
f 1628/4873 1624/4874 1625/4875 1629/4876 


o 252

v -2503.83 1047.32 5115.75
v -2503.83 1080.32 5115.75
v -2503.83 1047.32 5119.75
v -2503.83 1080.32 5119.75
v -2511.83 1047.32 5115.75
v -2511.83 1080.32 5115.75
v -2511.83 1047.32 5119.75
v -2511.83 1080.32 5119.75

vt 4322.28 20464.0
vt 4190.28 20464.0
vt 4190.28 20480.0
vt 4322.28 20480.0
vt 4190.28 20464.0
vt 4322.28 20464.0
vt 4322.28 20480.0
vt 4190.28 20480.0
vt 10048.32 20464.0
vt 10016.32 20464.0
vt 10016.32 20480.0
vt 10048.32 20480.0
vt 10016.32 20464.0
vt 10048.32 20464.0
vt 10048.32 20480.0
vt 10016.32 20480.0
vt 4190.28 -10014.32
vt 4190.28 -10046.32
vt 4322.28 -10046.32
vt 4322.28 -10014.32
vt 4190.28 -10046.32
vt 4190.28 -10014.32
vt 4322.28 -10014.32
vt 4322.28 -10046.32

usemtl metal/metalcombine002
f 1637/4877 1636/4878 1638/4879 1639/4880 
f 1632/4881 1633/4882 1635/4883 1634/4884 
f 1636/4885 1632/4886 1634/4887 1638/4888 
f 1633/4889 1637/4890 1639/4891 1635/4892 
f 1632/4893 1636/4894 1637/4895 1633/4896 
f 1638/4897 1634/4898 1635/4899 1639/4900 


o 254

v -4715.0 2667.0 5134.0
v -4793.0 405.0 4992.0
v -4715.0 405.0 5134.0
v -4715.0 2667.0 4992.0
v -4715.0 405.0 4992.0
v -4792.99 2667.0 4992.0

vt -1619.0 -19967.0
vt -10667.0 -19967.0
vt -10667.0 -20535.0
vt -1619.0 -20535.0
vt 19173.0 19969.0
vt 18861.0 19969.0
vt 18861.0 20537.0
vt -18859.0 19969.0
vt -19170.96 19969.0
vt -18859.0 20537.0
vt -18859.0 1621.0
vt -19171.0 1621.0
vt -19170.96 10669.0
vt -18859.0 10669.0
vt -1619.0 -19967.0
vt -1619.0 -20535.0
vt -10667.0 -20535.0
vt -10667.0 -19967.0

usemtl metal/metalhull010b
f 1644/4901 1643/4902 1640/4903 1642/4904 
usemtl metal/metalhull002a
f 1641/4905 1644/4906 1642/4907 
f 1643/4908 1645/4909 1640/4910 
f 1644/4911 1641/4912 1645/4913 1643/4914 
f 1641/4915 1642/4916 1640/4917 1645/4918 


o 256

v -3664.0 1552.0 5344.0
v -3664.0 1552.0 5536.0
v -3648.0 1552.0 5344.0
v -3648.0 1552.0 5536.0
v -3664.0 1520.0 5344.0
v -3664.0 1520.0 5536.0
v -3648.0 1520.0 5344.0
v -3648.0 1520.0 5536.0

vt -6079.0 21377.0
vt -6207.0 21377.0
vt -6207.0 22145.0
vt -6079.0 22145.0
vt 14657.0 21377.0
vt 14593.0 21377.0
vt 14593.0 22145.0
vt 14657.0 22145.0
vt 14593.0 21377.0
vt 14657.0 21377.0
vt 14657.0 22145.0
vt 14593.0 22145.0
vt 14593.0 6081.0
vt 14657.0 6081.0
vt 14657.0 6209.0
vt 14593.0 6209.0
vt 14657.0 6081.0
vt 14593.0 6081.0
vt 14593.0 6209.0
vt 14657.0 6209.0
vt -6207.0 21377.0
vt -6079.0 21377.0
vt -6079.0 22145.0
vt -6207.0 22145.0

usemtl concrete/concretefloor026a
f 1652/4919 1648/4920 1649/4921 1653/4922 
f 1650/4923 1652/4924 1653/4925 1651/4926 
f 1648/4927 1646/4928 1647/4929 1649/4930 
f 1652/4931 1650/4932 1646/4933 1648/4934 
f 1651/4935 1653/4936 1649/4937 1647/4938 
f 1646/4939 1650/4940 1651/4941 1647/4942 


o 258

v -3573.0 1483.0 5728.0
v -3595.0 1460.99 5824.0
v -3573.0 1461.0 5824.0
v -3600.0 1472.0 5824.0
v -3584.0 1488.0 5824.0
v -3595.0 1483.0 5824.0
v -3595.0 1461.0 5728.0
v -3573.0 1461.0 5728.0
v -3600.0 1472.0 5728.0
v -3584.0 1456.0 5824.0
v -3584.0 1488.0 5728.0
v -3568.0 1472.0 5824.0
v -3595.0 1483.0 5728.0
v -3573.0 1483.0 5824.0
v -3584.0 1456.0 5728.0
v -3568.0 1472.0 5728.0

vt 14337.0 22913.0
vt 14293.0 22913.0
vt 14293.0 23297.0
vt 14337.0 23297.0
vt 14293.0 22913.0
vt 14337.0 22913.0
vt 14337.0 23297.0
vt 14293.0 23297.0
vt -5887.0 22913.0
vt -5931.0 22913.0
vt -5931.0 23297.0
vt -5887.0 23297.0
vt 14293.0 5845.0
vt 14337.0 5825.0
vt 14381.0 5845.0
vt 14401.0 5889.0
vt 14381.0 5933.0
vt 14337.0 5953.0
vt 14293.0 5933.0
vt 14273.0 5889.0
vt 14381.0 5844.96
vt 14337.0 5825.0
vt 14293.0 5845.0
vt 14273.0 5889.0
vt 14293.0 5933.0
vt 14337.0 5953.0
vt 14381.0 5933.0
vt 14401.0 5889.0
vt 14381.0 22913.0
vt 14337.0 22913.0
vt 14337.0 23297.0
vt 14381.0 23297.0
vt -5887.0 22913.0
vt -5843.0 22913.0
vt -5842.96 23297.0
vt -5887.0 23297.0
vt -5931.0 22913.0
vt -5887.0 22913.0
vt -5887.0 23297.0
vt -5931.0 23297.0
vt 14337.0 22913.0
vt 14381.0 22913.0
vt 14381.0 23297.0
vt 14337.0 23297.0
vt -5843.0 22913.0
vt -5887.0 22913.0
vt -5887.0 23297.0
vt -5843.0 23297.0

usemtl metal/metalhull010b
f 1668/4943 1661/4944 1656/4945 1663/4946 
f 1654/4947 1664/4948 1658/4949 1667/4950 
f 1669/4951 1654/4952 1667/4953 1665/4954 
f 1661/4955 1668/4956 1660/4957 1662/4958 1666/4959 1664/4960 1654/4961 1669/4962 
f 1655/4963 1663/4964 1656/4965 1665/4966 1667/4967 1658/4968 1659/4969 1657/4970 
f 1660/4971 1668/4972 1663/4973 1655/4974 
f 1662/4975 1660/4976 1655/4977 1657/4978 
f 1666/4979 1662/4980 1657/4981 1659/4982 
f 1664/4983 1666/4984 1659/4985 1658/4986 
f 1661/4987 1669/4988 1665/4989 1656/4990 


o 260

v -4720.0 424.0 5120.0
v -2448.0 424.0 5120.0
v -4720.0 424.0 5112.0
v -2448.0 424.0 5112.0
v -4720.0 448.0 5120.0
v -2448.0 448.0 5120.0
v -4720.0 448.0 5112.0
v -2448.0 448.0 5112.0

vt -1791.0 20449.0
vt -1695.0 20449.0
vt -1695.0 20481.0
vt -1791.0 20481.0
vt -1695.0 20449.0
vt -1791.0 20449.0
vt -1791.0 20481.0
vt -1695.0 20481.0
vt -18879.0 20449.0
vt -9791.0 20449.0
vt -9791.0 20481.0
vt -18879.0 20481.0
vt -9791.0 20449.0
vt -18879.0 20449.0
vt -18879.0 20481.0
vt -9791.0 20481.0
vt -1695.0 9793.0
vt -1695.0 18881.0
vt -1791.0 18881.0
vt -1791.0 9793.0
vt -1695.0 18881.0
vt -1695.0 9793.0
vt -1791.0 9793.0
vt -1791.0 18881.0

usemtl metal/metalhull002a
f 1676/4991 1672/4992 1670/4993 1674/4994 
f 1673/4995 1677/4996 1675/4997 1671/4998 
usemtl metal/metalhull010b
f 1672/4999 1673/5000 1671/5001 1670/5002 
f 1677/5003 1676/5004 1674/5005 1675/5006 
f 1673/5007 1672/5008 1676/5009 1677/5010 
f 1670/5011 1671/5012 1675/5013 1674/5014 


o 262

v -3730.0 1695.33 5136.0
v -3660.0 1588.0 5440.0
v -3636.0 1612.0 5440.0
v -3636.0 1588.0 5440.0
v -3648.0 1584.0 5440.0
v -3632.0 1600.0 5440.0
v -3717.5 1667.5 5136.0
v -3738.5 1692.5 5136.0
v -3726.0 1664.67 5136.0
v -3660.0 1612.0 5440.0
v -3715.5 1690.5 5136.0
v -3743.33 1678.0 5136.0
v -3712.67 1682.0 5136.0
v -3740.5 1669.5 5136.0
v -3648.0 1616.0 5440.0
v -3664.0 1600.0 5440.0

vt -14919.0 20545.0
vt -14953.0 20545.0
vt -14639.0 21761.0
vt -14591.0 21761.0
vt -6399.0 21761.0
vt -6447.0 21761.0
vt -6769.0 20545.0
vt -6711.0 20545.0
vt -14869.0 6671.0
vt -14903.0 6659.68
vt -14961.0 6679.0
vt -14972.32 6713.0
vt -14953.0 6771.0
vt -14919.0 6782.32
vt -14861.0 6763.0
vt -14849.68 6729.0
vt 14641.0 6353.0
vt 14593.0 6337.0
vt 14545.0 6353.0
vt 14529.0 6401.0
vt 14545.0 6449.0
vt 14593.0 6465.0
vt 14641.0 6449.0
vt 14657.0 6401.0
vt -14903.0 20545.0
vt -14869.0 20545.0
vt -14543.0 21761.0
vt -14591.0 21761.0
vt -6399.0 21761.0
vt -6351.0 21761.0
vt -6669.0 20545.0
vt -6727.0 20545.0
vt -6727.0 20545.0
vt -6761.0 20545.0
vt -6447.0 21761.0
vt -6399.0 21761.0
vt -14861.0 20545.0
vt -14919.0 20545.0
vt -14591.0 21761.0
vt -14543.0 21761.0
vt -6711.0 20545.0
vt -6677.0 20545.0
vt -6351.0 21761.0
vt -6399.0 21761.0
vt -14961.0 20545.0
vt -14903.0 20545.0
vt -14591.0 21761.0
vt -14639.0 21761.0

usemtl metal/metalhull010b
f 1678/5015 1685/5016 1687/5017 1692/5018 
f 1693/5019 1687/5020 1685/5021 1689/5022 
usemtl metal/metalhull002a
f 1684/5023 1686/5024 1691/5025 1689/5026 1685/5027 1678/5028 1688/5029 1690/5030 
f 1679/5031 1682/5032 1681/5033 1683/5034 1680/5035 1692/5036 1687/5037 1693/5038 
usemtl metal/metalhull010b
f 1686/5039 1684/5040 1681/5041 1682/5042 
f 1683/5043 1681/5044 1684/5045 1690/5046 
f 1690/5047 1688/5048 1680/5049 1683/5050 
f 1688/5051 1678/5052 1692/5053 1680/5054 
f 1689/5055 1691/5056 1679/5057 1693/5058 
f 1691/5059 1686/5060 1682/5061 1679/5062 


o 264

v -2233.0 -1429.0 4992.0
v -2155.0 -1351.0 4992.0
v -2155.0 -1429.0 5134.0
v -2155.0 -1429.0 4992.0

vt 5717.0 19969.0
vt 5405.0 19969.0
vt 5717.0 20537.0
vt 8933.0 19969.0
vt 8621.0 19969.0
vt 8621.0 20537.0
vt 8621.0 -5715.0
vt 8933.0 -5715.0
vt 8621.0 -5403.0
vt 16575.9104 -14080.9492
vt 16484.681600000004 -14379.3148
vt 17119.0888 -14247.0324

usemtl metal/metalhull002a
f 1697/5063 1695/5064 1696/5065 
f 1694/5066 1697/5067 1696/5068 
usemtl metal/metalhull010b
f 1697/5069 1694/5070 1695/5071 
f 1695/5072 1694/5073 1696/5074 


o 266

v 107.0 -1429.0 4992.0
v -2155.0 -1351.01 4992.0
v -2155.0 -1429.0 5134.0
v 107.0 -1429.0 5134.0
v 107.0 -1351.01 4992.0
v -2155.0 -1429.0 4992.0

vt 429.0 -5715.0
vt -8619.0 -5715.0
vt -8619.0 -5403.04
vt 429.0 -5403.04
vt 8621.0 -19967.0
vt 8621.0 -20535.0
vt -427.0 -20535.0
vt -427.0 -19967.0
vt 5405.04 19969.0
vt 5717.0 19969.0
vt 5717.0 20537.0
vt 5717.0 19969.0
vt 5405.04 19969.0
vt 5717.0 20537.0
vt 8621.0 -19967.0
vt -427.0 -19967.0
vt -427.0 -20535.0
vt 8621.0 -20535.0

usemtl metal/metalhull002a
f 1698/5075 1703/5076 1699/5077 1702/5078 
f 1699/5079 1700/5080 1701/5081 1702/5082 
f 1699/5083 1703/5084 1700/5085 
f 1698/5086 1702/5087 1701/5088 
usemtl metal/metalhull010b
f 1703/5089 1698/5090 1701/5091 1700/5092 


o 268

v -3744.0 1568.0 6336.0
v -3744.0 1632.0 6336.0
v -3680.0 1632.0 6336.0
v -3680.0 1568.0 6336.0
v -3744.0 1632.0 6328.0
v -3744.0 1568.0 6328.0
v -3680.0 1568.0 6328.0
v -3680.0 1632.0 6328.0

vt -6527.0 25313.0
vt -6271.0 25313.0
vt -6271.0 25345.0
vt -6527.0 25345.0
vt -6271.0 25313.0
vt -6527.0 25313.0
vt -6527.0 25345.0
vt -6271.0 25345.0
vt -14975.0 25313.0
vt -14719.0 25313.0
vt -14719.0 25345.0
vt -14975.0 25345.0
vt -14719.0 25313.0
vt -14975.0 25313.0
vt -14975.0 25345.0
vt -14719.0 25345.0
vt -6271.0 14721.0
vt -6271.0 14977.0
vt -6527.0 14977.0
vt -6527.0 14721.0
vt -6271.0 14977.0
vt -6271.0 14721.0
vt -6527.0 14721.0
vt -6527.0 14977.0

usemtl metal/metalwall074a
f 1708/5093 1709/5094 1704/5095 1705/5096 
f 1710/5097 1711/5098 1706/5099 1707/5100 
f 1709/5101 1710/5102 1707/5103 1704/5104 
f 1711/5105 1708/5106 1705/5107 1706/5108 
usemtl metal/metalstair004b
f 1710/5109 1709/5110 1708/5111 1711/5112 
f 1704/5113 1707/5114 1706/5115 1705/5116 


o 270

v -2233.0 -3691.0 4992.0
v -2155.0 -3769.0 4992.0
v -2155.0 -3691.0 5134.01
v -2155.0 -3691.0 4992.0

vt 15077.0 19969.0
vt 14765.0 19969.0
vt 14765.0 20537.04
vt -8619.0 19969.0
vt -8931.0 19969.0
vt -8619.0 20537.04
vt 8621.0 15077.0
vt 8933.0 14765.0
vt 8621.0 14765.0
vt 8933.0 19969.0
vt 8621.0 19969.0
vt 8621.0 20537.04

usemtl metal/metalhull002a
f 1713/5117 1715/5118 1714/5119 
f 1715/5120 1712/5121 1714/5122 
usemtl metal/metalhull010b
f 1713/5123 1712/5124 1715/5125 
f 1712/5126 1713/5127 1714/5128 


o 272

v -2592.0 1773.0 5120.0
v -2568.0 1773.0 5120.0
v -2592.0 1773.0 5112.0
v -2592.0 1749.0 5120.0
v -2568.0 1773.0 5112.0
v -2592.0 1749.0 5112.0

vt 7093.0 20449.0
vt 6997.0 20449.0
vt 6997.0 20481.0
vt 7093.0 20481.0
vt -10271.0 20449.0
vt -10367.0 20449.0
vt -10367.0 20481.0
vt -10271.0 20481.0
vt -10367.0 -6995.0
vt -10367.0 -7091.0
vt -10271.0 -7091.0
vt -10367.0 -6995.0
vt -10271.0 -7091.0
vt -10367.0 -7091.0
vt 6997.0 20449.0
vt 7093.0 20449.0
vt 7093.0 20481.0
vt 6997.0 20481.0

usemtl metal/metalhull010b
f 1718/5129 1721/5130 1719/5131 1716/5132 
usemtl metal/metalhull002a
f 1720/5133 1718/5134 1716/5135 1717/5136 
usemtl metal/metalhull010b
f 1721/5137 1718/5138 1720/5139 
f 1719/5140 1717/5141 1716/5142 
f 1721/5143 1720/5144 1717/5145 1719/5146 


o 274

v -3488.0 1568.0 6336.0
v -3504.0 1584.0 6328.0
v -3504.0 1568.0 6328.0
v -3488.0 1584.0 6328.0
v -3504.0 1584.0 6336.0
v -3488.0 1568.0 6328.0
v -3504.0 1568.0 6336.0
v -3488.0 1584.0 6336.0

vt -6335.0 25313.0
vt -6271.0 25313.0
vt -6271.0 25345.0
vt -6335.0 25345.0
vt -6271.0 25313.0
vt -6335.0 25313.0
vt -6335.0 25345.0
vt -6271.0 25345.0
vt 14017.0 25313.0
vt 13953.0 25313.0
vt 13953.0 25345.0
vt 14017.0 25345.0
vt 13953.0 25313.0
vt 14017.0 25313.0
vt 14017.0 25345.0
vt 13953.0 25345.0
vt -6271.0 13953.0
vt -6271.0 14017.0
vt -6335.0 14017.0
vt -6335.0 13953.0
vt -6271.0 14017.0
vt -6271.0 13953.0
vt -6335.0 13953.0
vt -6335.0 14017.0

usemtl metal/metalhull002a
f 1723/5147 1724/5148 1728/5149 1726/5150 
f 1727/5151 1725/5152 1729/5153 1722/5154 
usemtl metal/metalwall074a
f 1724/5155 1727/5156 1722/5157 1728/5158 
f 1725/5159 1723/5160 1726/5161 1729/5162 
usemtl metal/metaltruss019a
f 1727/5163 1724/5164 1723/5165 1725/5166 
f 1728/5167 1722/5168 1729/5169 1726/5170 


o 276

v -3455.33 1678.0 5136.0
v -3427.5 1690.5 5136.0
v -3508.0 1612.0 5440.0
v -3532.0 1588.0 5440.0
v -3452.5 1669.5 5136.0
v -3424.67 1682.0 5136.0
v -3508.0 1588.0 5440.0
v -3504.0 1600.0 5440.0
v -3520.0 1584.0 5440.0
v -3442.0 1695.33 5136.0
v -3429.5 1667.5 5136.0
v -3532.0 1612.0 5440.0
v -3450.5 1692.5 5136.0
v -3438.0 1664.67 5136.0
v -3536.0 1600.0 5440.0
v -3520.0 1616.0 5440.0

vt -6769.0 20545.0
vt -6711.0 20545.0
vt -6399.0 21761.0
vt -6447.0 21761.0
vt 13769.0 20545.0
vt 13803.0 20545.0
vt 14129.0 21761.0
vt 14081.0 21761.0
vt -6669.0 20545.0
vt -6727.0 20545.0
vt -6399.0 21761.0
vt -6351.0 21761.0
vt 13753.0 20545.0
vt 13719.0 20545.0
vt 14033.0 21761.0
vt 14081.0 21761.0
vt 14081.0 21761.0
vt 14033.0 21761.0
vt 13711.0 20545.0
vt 13769.0 20545.0
vt -6447.0 21761.0
vt -6399.0 21761.0
vt -6727.0 20545.0
vt -6761.0 20545.0
vt -13717.0 6671.0
vt -13751.0 6659.68
vt -13809.0 6679.0
vt -13820.32 6713.0
vt -13801.0 6771.0
vt -13767.0 6782.32
vt -13709.0 6763.0
vt -13697.68 6729.0
vt 14129.0 6353.0
vt 14081.0 6337.0
vt 14033.0 6353.0
vt 14017.0 6401.0
vt 14033.0 6449.0
vt 14081.0 6465.0
vt 14129.0 6449.0
vt 14145.0 6401.0
vt 14081.0 21761.0
vt 14129.0 21761.0
vt 13811.0 20545.0
vt 13753.0 20545.0
vt -6351.0 21761.0
vt -6399.0 21761.0
vt -6711.0 20545.0
vt -6677.0 20545.0

usemtl metal/metalhull010b
f 1742/5171 1730/5172 1744/5173 1741/5174 
f 1739/5175 1742/5176 1741/5177 1745/5178 
f 1740/5179 1735/5180 1737/5181 1736/5182 
f 1743/5183 1740/5184 1736/5185 1738/5186 
f 1745/5187 1732/5188 1731/5189 1739/5190 
f 1732/5191 1737/5192 1735/5193 1731/5194 
usemtl metal/metalhull002a
f 1740/5195 1743/5196 1734/5197 1730/5198 1742/5199 1739/5200 1731/5201 1735/5202 
f 1733/5203 1738/5204 1736/5205 1737/5206 1732/5207 1745/5208 1741/5209 1744/5210 
usemtl metal/metalhull010b
f 1738/5211 1733/5212 1734/5213 1743/5214 
f 1733/5215 1744/5216 1730/5217 1734/5218 


o 278

v -2016.0 -1424.0 5112.0
v -2040.0 -3696.0 5112.0
v -2016.0 -1424.0 5120.0
v -2040.0 -3696.0 5120.0
v -2016.0 -3696.0 5112.0
v -2016.0 -3696.0 5120.0
v -2040.0 -1424.0 5112.0
v -2040.0 -1424.0 5120.0

vt 5697.0 20449.0
vt 14785.0 20449.0
vt 14785.0 20481.0
vt 5697.0 20481.0
vt 14785.0 20449.0
vt 5697.0 20449.0
vt 5697.0 20481.0
vt 14785.0 20481.0
vt 8161.0 20449.0
vt 8065.0 20449.0
vt 8065.0 20481.0
vt 8161.0 20481.0
vt -8063.0 20449.0
vt -8159.0 20449.0
vt -8159.0 20481.0
vt -8063.0 20481.0
vt 8065.0 -14783.0
vt 8161.0 -14783.0
vt 8161.0 -5695.0
vt 8065.0 -5695.0
vt 8161.0 -14783.0
vt 8065.0 -14783.0
vt 8065.0 -5695.0
vt 8161.0 -5695.0

usemtl metal/metalhull010b
f 1752/5219 1747/5220 1749/5221 1753/5222 
f 1750/5223 1746/5224 1748/5225 1751/5226 
usemtl metal/metalhull002a
f 1747/5227 1750/5228 1751/5229 1749/5230 
f 1746/5231 1752/5232 1753/5233 1748/5234 
usemtl metal/metalhull010b
f 1750/5235 1747/5236 1752/5237 1746/5238 
f 1749/5239 1751/5240 1748/5241 1753/5242 


o 280

v -2568.0 1653.0 5112.0
v -2592.0 400.0 5120.0
v -2592.0 1653.0 5120.0
v -2592.0 400.0 5112.0
v -2592.0 1653.0 5112.0
v -2568.0 400.0 5120.0
v -2568.0 1653.0 5120.0
v -2568.0 400.0 5112.0

vt -6611.0 20449.0
vt -1599.0 20449.0
vt -1599.0 20481.0
vt -6611.0 20481.0
vt -1599.0 20449.0
vt -6611.0 20449.0
vt -6611.0 20481.0
vt -1599.0 20481.0
vt 10369.0 20449.0
vt 10273.0 20449.0
vt 10273.0 20481.0
vt 10369.0 20481.0
vt 10273.0 20449.0
vt 10369.0 20449.0
vt 10369.0 20481.0
vt 10273.0 20481.0
vt 10273.0 1601.0
vt 10369.0 1601.0
vt 10369.0 6613.0
vt 10273.0 6613.0
vt 10369.0 1601.0
vt 10273.0 1601.0
vt 10273.0 6613.0
vt 10369.0 6613.0

usemtl metal/metalhull010b
f 1758/5243 1757/5244 1755/5245 1756/5246 
f 1761/5247 1754/5248 1760/5249 1759/5250 
f 1757/5251 1761/5252 1759/5253 1755/5254 
f 1754/5255 1758/5256 1756/5257 1760/5258 
f 1761/5259 1757/5260 1758/5261 1754/5262 
f 1755/5263 1759/5264 1760/5265 1756/5266 
